{"v":"5.7.8","fr":25,"ip":0,"op":151,"w":1920,"h":1080,"nm":"Comp 1","ddd":0,"assets":[{"id":"comp_0","layers":[{"ddd":0,"ind":1,"ty":5,"nm":"0%","td":1,"sr":1,"ks":{"o":{"a":0,"k":100,"ix":11},"r":{"a":0,"k":0,"ix":10},"p":{"a":0,"k":[960,540,0],"ix":2,"l":2},"a":{"a":0,"k":[0.001,-19.016,0],"ix":1,"l":2},"s":{"a":0,"k":[100,100,100],"ix":6,"l":2}},"ao":0,"t":{"d":{"k":[{"s":{"s":117.199996948242,"f":"Lato-Black","t":"0%","ca":0,"j":2,"tr":0,"lh":140.639996337891,"ls":-23,"fc":[1,1,1,1]},"t":0},{"s":{"s":117.199996948242,"f":"Lato-Black","t":"1%","ca":0,"j":2,"tr":0,"lh":140.639996337891,"ls":-23,"fc":[1,1,1,1]},"t":1},{"s":{"s":117.199996948242,"f":"Lato-Black","t":"2%","ca":0,"j":2,"tr":0,"lh":140.639996337891,"ls":-23,"fc":[1,1,1,1]},"t":2},{"s":{"s":117.199996948242,"f":"Lato-Black","t":"3%","ca":0,"j":2,"tr":0,"lh":140.639996337891,"ls":-23,"fc":[1,1,1,1]},"t":3},{"s":{"s":117.199996948242,"f":"Lato-Black","t":"4%","ca":0,"j":2,"tr":0,"lh":140.639996337891,"ls":-23,"fc":[1,1,1,1]},"t":4},{"s":{"s":117.199996948242,"f":"Lato-Black","t":"5%","ca":0,"j":2,"tr":0,"lh":140.639996337891,"ls":-23,"fc":[1,1,1,1]},"t":5},{"s":{"s":117.199996948242,"f":"Lato-Black","t":"6%","ca":0,"j":2,"tr":0,"lh":140.639996337891,"ls":-23,"fc":[1,1,1,1]},"t":6},{"s":{"s":117.199996948242,"f":"Lato-Black","t":"7%","ca":0,"j":2,"tr":0,"lh":140.639996337891,"ls":-23,"fc":[1,1,1,1]},"t":7},{"s":{"s":117.199996948242,"f":"Lato-Black","t":"8%","ca":0,"j":2,"tr":0,"lh":140.639996337891,"ls":-23,"fc":[1,1,1,1]},"t":8},{"s":{"s":117.199996948242,"f":"Lato-Black","t":"9%","ca":0,"j":2,"tr":0,"lh":140.639996337891,"ls":-23,"fc":[1,1,1,1]},"t":9},{"s":{"s":117.199996948242,"f":"Lato-Black","t":"10%","ca":0,"j":2,"tr":0,"lh":140.639996337891,"ls":-23,"fc":[1,1,1,1]},"t":10},{"s":{"s":117.199996948242,"f":"Lato-Black","t":"11%","ca":0,"j":2,"tr":0,"lh":140.639996337891,"ls":-23,"fc":[1,1,1,1]},"t":11},{"s":{"s":117.199996948242,"f":"Lato-Black","t":"12%","ca":0,"j":2,"tr":0,"lh":140.639996337891,"ls":-23,"fc":[1,1,1,1]},"t":12},{"s":{"s":117.199996948242,"f":"Lato-Black","t":"13%","ca":0,"j":2,"tr":0,"lh":140.639996337891,"ls":-23,"fc":[1,1,1,1]},"t":13},{"s":{"s":117.199996948242,"f":"Lato-Black","t":"14%","ca":0,"j":2,"tr":0,"lh":140.639996337891,"ls":-23,"fc":[1,1,1,1]},"t":14},{"s":{"s":117.199996948242,"f":"Lato-Black","t":"15%","ca":0,"j":2,"tr":0,"lh":140.639996337891,"ls":-23,"fc":[1,1,1,1]},"t":15},{"s":{"s":117.199996948242,"f":"Lato-Black","t":"16%","ca":0,"j":2,"tr":0,"lh":140.639996337891,"ls":-23,"fc":[1,1,1,1]},"t":16},{"s":{"s":117.199996948242,"f":"Lato-Black","t":"17%","ca":0,"j":2,"tr":0,"lh":140.639996337891,"ls":-23,"fc":[1,1,1,1]},"t":17},{"s":{"s":117.199996948242,"f":"Lato-Black","t":"18%","ca":0,"j":2,"tr":0,"lh":140.639996337891,"ls":-23,"fc":[1,1,1,1]},"t":18},{"s":{"s":117.199996948242,"f":"Lato-Black","t":"19%","ca":0,"j":2,"tr":0,"lh":140.639996337891,"ls":-23,"fc":[1,1,1,1]},"t":19},{"s":{"s":117.199996948242,"f":"Lato-Black","t":"20%","ca":0,"j":2,"tr":0,"lh":140.639996337891,"ls":-23,"fc":[1,1,1,1]},"t":20},{"s":{"s":117.199996948242,"f":"Lato-Black","t":"21%","ca":0,"j":2,"tr":0,"lh":140.639996337891,"ls":-23,"fc":[1,1,1,1]},"t":21},{"s":{"s":117.199996948242,"f":"Lato-Black","t":"22%","ca":0,"j":2,"tr":0,"lh":140.639996337891,"ls":-23,"fc":[1,1,1,1]},"t":22},{"s":{"s":117.199996948242,"f":"Lato-Black","t":"23%","ca":0,"j":2,"tr":0,"lh":140.639996337891,"ls":-23,"fc":[1,1,1,1]},"t":23},{"s":{"s":117.199996948242,"f":"Lato-Black","t":"24%","ca":0,"j":2,"tr":0,"lh":140.639996337891,"ls":-23,"fc":[1,1,1,1]},"t":24},{"s":{"s":117.199996948242,"f":"Lato-Black","t":"25%","ca":0,"j":2,"tr":0,"lh":140.639996337891,"ls":-23,"fc":[1,1,1,1]},"t":25},{"s":{"s":117.199996948242,"f":"Lato-Black","t":"26%","ca":0,"j":2,"tr":0,"lh":140.639996337891,"ls":-23,"fc":[1,1,1,1]},"t":26},{"s":{"s":117.199996948242,"f":"Lato-Black","t":"27%","ca":0,"j":2,"tr":0,"lh":140.639996337891,"ls":-23,"fc":[1,1,1,1]},"t":27},{"s":{"s":117.199996948242,"f":"Lato-Black","t":"28%","ca":0,"j":2,"tr":0,"lh":140.639996337891,"ls":-23,"fc":[1,1,1,1]},"t":28},{"s":{"s":117.199996948242,"f":"Lato-Black","t":"29%","ca":0,"j":2,"tr":0,"lh":140.639996337891,"ls":-23,"fc":[1,1,1,1]},"t":29},{"s":{"s":117.199996948242,"f":"Lato-Black","t":"30%","ca":0,"j":2,"tr":0,"lh":140.639996337891,"ls":-23,"fc":[1,1,1,1]},"t":30},{"s":{"s":117.199996948242,"f":"Lato-Black","t":"31%","ca":0,"j":2,"tr":0,"lh":140.639996337891,"ls":-23,"fc":[1,1,1,1]},"t":31},{"s":{"s":117.199996948242,"f":"Lato-Black","t":"32%","ca":0,"j":2,"tr":0,"lh":140.639996337891,"ls":-23,"fc":[1,1,1,1]},"t":32},{"s":{"s":117.199996948242,"f":"Lato-Black","t":"33%","ca":0,"j":2,"tr":0,"lh":140.639996337891,"ls":-23,"fc":[1,1,1,1]},"t":33},{"s":{"s":117.199996948242,"f":"Lato-Black","t":"34%","ca":0,"j":2,"tr":0,"lh":140.639996337891,"ls":-23,"fc":[1,1,1,1]},"t":34},{"s":{"s":117.199996948242,"f":"Lato-Black","t":"35%","ca":0,"j":2,"tr":0,"lh":140.639996337891,"ls":-23,"fc":[1,1,1,1]},"t":35},{"s":{"s":117.199996948242,"f":"Lato-Black","t":"36%","ca":0,"j":2,"tr":0,"lh":140.639996337891,"ls":-23,"fc":[1,1,1,1]},"t":36},{"s":{"s":117.199996948242,"f":"Lato-Black","t":"37%","ca":0,"j":2,"tr":0,"lh":140.639996337891,"ls":-23,"fc":[1,1,1,1]},"t":37},{"s":{"s":117.199996948242,"f":"Lato-Black","t":"38%","ca":0,"j":2,"tr":0,"lh":140.639996337891,"ls":-23,"fc":[1,1,1,1]},"t":38},{"s":{"s":117.199996948242,"f":"Lato-Black","t":"39%","ca":0,"j":2,"tr":0,"lh":140.639996337891,"ls":-23,"fc":[1,1,1,1]},"t":39},{"s":{"s":117.199996948242,"f":"Lato-Black","t":"40%","ca":0,"j":2,"tr":0,"lh":140.639996337891,"ls":-23,"fc":[1,1,1,1]},"t":40},{"s":{"s":117.199996948242,"f":"Lato-Black","t":"41%","ca":0,"j":2,"tr":0,"lh":140.639996337891,"ls":-23,"fc":[1,1,1,1]},"t":41},{"s":{"s":117.199996948242,"f":"Lato-Black","t":"42%","ca":0,"j":2,"tr":0,"lh":140.639996337891,"ls":-23,"fc":[1,1,1,1]},"t":42},{"s":{"s":117.199996948242,"f":"Lato-Black","t":"43%","ca":0,"j":2,"tr":0,"lh":140.639996337891,"ls":-23,"fc":[1,1,1,1]},"t":43},{"s":{"s":117.199996948242,"f":"Lato-Black","t":"44%","ca":0,"j":2,"tr":0,"lh":140.639996337891,"ls":-23,"fc":[1,1,1,1]},"t":44},{"s":{"s":117.199996948242,"f":"Lato-Black","t":"45%","ca":0,"j":2,"tr":0,"lh":140.639996337891,"ls":-23,"fc":[1,1,1,1]},"t":45},{"s":{"s":117.199996948242,"f":"Lato-Black","t":"46%","ca":0,"j":2,"tr":0,"lh":140.639996337891,"ls":-23,"fc":[1,1,1,1]},"t":46},{"s":{"s":117.199996948242,"f":"Lato-Black","t":"47%","ca":0,"j":2,"tr":0,"lh":140.639996337891,"ls":-23,"fc":[1,1,1,1]},"t":47},{"s":{"s":117.199996948242,"f":"Lato-Black","t":"48%","ca":0,"j":2,"tr":0,"lh":140.639996337891,"ls":-23,"fc":[1,1,1,1]},"t":48},{"s":{"s":117.199996948242,"f":"Lato-Black","t":"49%","ca":0,"j":2,"tr":0,"lh":140.639996337891,"ls":-23,"fc":[1,1,1,1]},"t":49},{"s":{"s":117.199996948242,"f":"Lato-Black","t":"50%","ca":0,"j":2,"tr":0,"lh":140.639996337891,"ls":-23,"fc":[1,1,1,1]},"t":50},{"s":{"s":117.199996948242,"f":"Lato-Black","t":"51%","ca":0,"j":2,"tr":0,"lh":140.639996337891,"ls":-23,"fc":[1,1,1,1]},"t":51},{"s":{"s":117.199996948242,"f":"Lato-Black","t":"52%","ca":0,"j":2,"tr":0,"lh":140.639996337891,"ls":-23,"fc":[1,1,1,1]},"t":52},{"s":{"s":117.199996948242,"f":"Lato-Black","t":"53%","ca":0,"j":2,"tr":0,"lh":140.639996337891,"ls":-23,"fc":[1,1,1,1]},"t":53},{"s":{"s":117.199996948242,"f":"Lato-Black","t":"54%","ca":0,"j":2,"tr":0,"lh":140.639996337891,"ls":-23,"fc":[1,1,1,1]},"t":54},{"s":{"s":117.199996948242,"f":"Lato-Black","t":"55%","ca":0,"j":2,"tr":0,"lh":140.639996337891,"ls":-23,"fc":[1,1,1,1]},"t":55},{"s":{"s":117.199996948242,"f":"Lato-Black","t":"56%","ca":0,"j":2,"tr":0,"lh":140.639996337891,"ls":-23,"fc":[1,1,1,1]},"t":56},{"s":{"s":117.199996948242,"f":"Lato-Black","t":"57%","ca":0,"j":2,"tr":0,"lh":140.639996337891,"ls":-23,"fc":[1,1,1,1]},"t":57},{"s":{"s":117.199996948242,"f":"Lato-Black","t":"58%","ca":0,"j":2,"tr":0,"lh":140.639996337891,"ls":-23,"fc":[1,1,1,1]},"t":58},{"s":{"s":117.199996948242,"f":"Lato-Black","t":"59%","ca":0,"j":2,"tr":0,"lh":140.639996337891,"ls":-23,"fc":[1,1,1,1]},"t":59},{"s":{"s":117.199996948242,"f":"Lato-Black","t":"60%","ca":0,"j":2,"tr":0,"lh":140.639996337891,"ls":-23,"fc":[1,1,1,1]},"t":60},{"s":{"s":117.199996948242,"f":"Lato-Black","t":"61%","ca":0,"j":2,"tr":0,"lh":140.639996337891,"ls":-23,"fc":[1,1,1,1]},"t":61},{"s":{"s":117.199996948242,"f":"Lato-Black","t":"62%","ca":0,"j":2,"tr":0,"lh":140.639996337891,"ls":-23,"fc":[1,1,1,1]},"t":62},{"s":{"s":117.199996948242,"f":"Lato-Black","t":"63%","ca":0,"j":2,"tr":0,"lh":140.639996337891,"ls":-23,"fc":[1,1,1,1]},"t":63},{"s":{"s":117.199996948242,"f":"Lato-Black","t":"64%","ca":0,"j":2,"tr":0,"lh":140.639996337891,"ls":-23,"fc":[1,1,1,1]},"t":64},{"s":{"s":117.199996948242,"f":"Lato-Black","t":"65%","ca":0,"j":2,"tr":0,"lh":140.639996337891,"ls":-23,"fc":[1,1,1,1]},"t":65},{"s":{"s":117.199996948242,"f":"Lato-Black","t":"66%","ca":0,"j":2,"tr":0,"lh":140.639996337891,"ls":-23,"fc":[1,1,1,1]},"t":66},{"s":{"s":117.199996948242,"f":"Lato-Black","t":"67%","ca":0,"j":2,"tr":0,"lh":140.639996337891,"ls":-23,"fc":[1,1,1,1]},"t":67},{"s":{"s":117.199996948242,"f":"Lato-Black","t":"68%","ca":0,"j":2,"tr":0,"lh":140.639996337891,"ls":-23,"fc":[1,1,1,1]},"t":68},{"s":{"s":117.199996948242,"f":"Lato-Black","t":"69%","ca":0,"j":2,"tr":0,"lh":140.639996337891,"ls":-23,"fc":[1,1,1,1]},"t":69},{"s":{"s":117.199996948242,"f":"Lato-Black","t":"70%","ca":0,"j":2,"tr":0,"lh":140.639996337891,"ls":-23,"fc":[1,1,1,1]},"t":70},{"s":{"s":117.199996948242,"f":"Lato-Black","t":"71%","ca":0,"j":2,"tr":0,"lh":140.639996337891,"ls":-23,"fc":[1,1,1,1]},"t":71},{"s":{"s":117.199996948242,"f":"Lato-Black","t":"72%","ca":0,"j":2,"tr":0,"lh":140.639996337891,"ls":-23,"fc":[1,1,1,1]},"t":72},{"s":{"s":117.199996948242,"f":"Lato-Black","t":"73%","ca":0,"j":2,"tr":0,"lh":140.639996337891,"ls":-23,"fc":[1,1,1,1]},"t":73},{"s":{"s":117.199996948242,"f":"Lato-Black","t":"74%","ca":0,"j":2,"tr":0,"lh":140.639996337891,"ls":-23,"fc":[1,1,1,1]},"t":74},{"s":{"s":117.199996948242,"f":"Lato-Black","t":"75%","ca":0,"j":2,"tr":0,"lh":140.639996337891,"ls":-23,"fc":[1,1,1,1]},"t":75},{"s":{"s":117.199996948242,"f":"Lato-Black","t":"76%","ca":0,"j":2,"tr":0,"lh":140.639996337891,"ls":-23,"fc":[1,1,1,1]},"t":76},{"s":{"s":117.199996948242,"f":"Lato-Black","t":"77%","ca":0,"j":2,"tr":0,"lh":140.639996337891,"ls":-23,"fc":[1,1,1,1]},"t":77},{"s":{"s":117.199996948242,"f":"Lato-Black","t":"78%","ca":0,"j":2,"tr":0,"lh":140.639996337891,"ls":-23,"fc":[1,1,1,1]},"t":78},{"s":{"s":117.199996948242,"f":"Lato-Black","t":"79%","ca":0,"j":2,"tr":0,"lh":140.639996337891,"ls":-23,"fc":[1,1,1,1]},"t":79},{"s":{"s":117.199996948242,"f":"Lato-Black","t":"80%","ca":0,"j":2,"tr":0,"lh":140.639996337891,"ls":-23,"fc":[1,1,1,1]},"t":80},{"s":{"s":117.199996948242,"f":"Lato-Black","t":"81%","ca":0,"j":2,"tr":0,"lh":140.639996337891,"ls":-23,"fc":[1,1,1,1]},"t":81},{"s":{"s":117.199996948242,"f":"Lato-Black","t":"82%","ca":0,"j":2,"tr":0,"lh":140.639996337891,"ls":-23,"fc":[1,1,1,1]},"t":82},{"s":{"s":117.199996948242,"f":"Lato-Black","t":"83%","ca":0,"j":2,"tr":0,"lh":140.639996337891,"ls":-23,"fc":[1,1,1,1]},"t":83},{"s":{"s":117.199996948242,"f":"Lato-Black","t":"84%","ca":0,"j":2,"tr":0,"lh":140.639996337891,"ls":-23,"fc":[1,1,1,1]},"t":84},{"s":{"s":117.199996948242,"f":"Lato-Black","t":"85%","ca":0,"j":2,"tr":0,"lh":140.639996337891,"ls":-23,"fc":[1,1,1,1]},"t":85},{"s":{"s":117.199996948242,"f":"Lato-Black","t":"86%","ca":0,"j":2,"tr":0,"lh":140.639996337891,"ls":-23,"fc":[1,1,1,1]},"t":86},{"s":{"s":117.199996948242,"f":"Lato-Black","t":"87%","ca":0,"j":2,"tr":0,"lh":140.639996337891,"ls":-23,"fc":[1,1,1,1]},"t":87},{"s":{"s":117.199996948242,"f":"Lato-Black","t":"88%","ca":0,"j":2,"tr":0,"lh":140.639996337891,"ls":-23,"fc":[1,1,1,1]},"t":88},{"s":{"s":117.199996948242,"f":"Lato-Black","t":"89%","ca":0,"j":2,"tr":0,"lh":140.639996337891,"ls":-23,"fc":[1,1,1,1]},"t":89},{"s":{"s":117.199996948242,"f":"Lato-Black","t":"90%","ca":0,"j":2,"tr":0,"lh":140.639996337891,"ls":-23,"fc":[1,1,1,1]},"t":90},{"s":{"s":117.199996948242,"f":"Lato-Black","t":"91%","ca":0,"j":2,"tr":0,"lh":140.639996337891,"ls":-23,"fc":[1,1,1,1]},"t":91},{"s":{"s":117.199996948242,"f":"Lato-Black","t":"92%","ca":0,"j":2,"tr":0,"lh":140.639996337891,"ls":-23,"fc":[1,1,1,1]},"t":92},{"s":{"s":117.199996948242,"f":"Lato-Black","t":"93%","ca":0,"j":2,"tr":0,"lh":140.639996337891,"ls":-23,"fc":[1,1,1,1]},"t":93},{"s":{"s":117.199996948242,"f":"Lato-Black","t":"94%","ca":0,"j":2,"tr":0,"lh":140.639996337891,"ls":-23,"fc":[1,1,1,1]},"t":94},{"s":{"s":117.199996948242,"f":"Lato-Black","t":"95%","ca":0,"j":2,"tr":0,"lh":140.639996337891,"ls":-23,"fc":[1,1,1,1]},"t":95},{"s":{"s":117.199996948242,"f":"Lato-Black","t":"96%","ca":0,"j":2,"tr":0,"lh":140.639996337891,"ls":-23,"fc":[1,1,1,1]},"t":96},{"s":{"s":117.199996948242,"f":"Lato-Black","t":"97%","ca":0,"j":2,"tr":0,"lh":140.639996337891,"ls":-23,"fc":[1,1,1,1]},"t":97},{"s":{"s":117.199996948242,"f":"Lato-Black","t":"98%","ca":0,"j":2,"tr":0,"lh":140.639996337891,"ls":-23,"fc":[1,1,1,1]},"t":98},{"s":{"s":117.199996948242,"f":"Lato-Black","t":"99%","ca":0,"j":2,"tr":0,"lh":140.639996337891,"ls":-23,"fc":[1,1,1,1]},"t":99},{"s":{"s":117.199996948242,"f":"Lato-Black","t":"100%","ca":0,"j":2,"tr":0,"lh":140.639996337891,"ls":-23,"fc":[1,1,1,1]},"t":100}]},"p":{},"m":{"g":1,"a":{"a":0,"k":[0,0],"ix":2}},"a":[]},"ip":0,"op":250,"st":0,"bm":0},{"ddd":0,"ind":2,"ty":0,"nm":"Pre-comp 1","tt":2,"refId":"comp_1","sr":1,"ks":{"o":{"a":0,"k":100,"ix":11},"r":{"a":0,"k":0,"ix":10},"p":{"a":0,"k":[960,540,0],"ix":2,"l":2},"a":{"a":0,"k":[960,540,0],"ix":1,"l":2},"s":{"a":0,"k":[100,100,100],"ix":6,"l":2}},"ao":0,"w":1920,"h":1080,"ip":0,"op":250,"st":0,"bm":0}]},{"id":"comp_1","layers":[{"ddd":0,"ind":1,"ty":4,"nm":"Shape Layer 4","td":1,"sr":1,"ks":{"o":{"a":0,"k":100,"ix":11},"r":{"a":0,"k":0,"ix":10},"p":{"a":1,"k":[{"i":{"x":0.667,"y":1},"o":{"x":0.333,"y":0},"t":0,"s":[-274,528,0],"to":[0,0,0],"ti":[0,0,0]},{"t":100,"s":[930,528,0]}],"ix":2,"l":2},"a":{"a":0,"k":[38,-12,0],"ix":1,"l":2},"s":{"a":0,"k":[100,100,100],"ix":6,"l":2}},"ao":0,"shapes":[{"ty":"gr","it":[{"ty":"rc","d":1,"s":{"a":0,"k":[1276,288],"ix":2},"p":{"a":0,"k":[0,0],"ix":3},"r":{"a":0,"k":0,"ix":4},"nm":"Rectangle Path 1","mn":"ADBE Vector Shape - Rect","hd":false},{"ty":"fl","c":{"a":0,"k":[1,1,1,1],"ix":4},"o":{"a":0,"k":100,"ix":5},"r":1,"bm":0,"nm":"Fill 1","mn":"ADBE Vector Graphic - Fill","hd":false},{"ty":"tr","p":{"a":0,"k":[38,-12],"ix":2},"a":{"a":0,"k":[0,0],"ix":1},"s":{"a":0,"k":[100,100],"ix":3},"r":{"a":0,"k":0,"ix":6},"o":{"a":0,"k":100,"ix":7},"sk":{"a":0,"k":0,"ix":4},"sa":{"a":0,"k":0,"ix":5},"nm":"Transform"}],"nm":"Rectangle 1","np":3,"cix":2,"bm":0,"ix":1,"mn":"ADBE Vector Group","hd":false}],"ip":0,"op":250,"st":0,"bm":0},{"ddd":0,"ind":2,"ty":4,"nm":"Shape Layer 2","tt":1,"sr":1,"ks":{"o":{"a":0,"k":100,"ix":11},"r":{"a":0,"k":0,"ix":10},"p":{"a":0,"k":[960,540,0],"ix":2,"l":2},"a":{"a":0,"k":[35.83,14.211,0],"ix":1,"l":2},"s":{"a":0,"k":[100,100,100],"ix":6,"l":2}},"ao":0,"shapes":[{"ty":"gr","it":[{"ty":"rc","d":1,"s":{"a":0,"k":[1180.36,127.968],"ix":2},"p":{"a":0,"k":[0,0],"ix":3},"r":{"a":0,"k":100,"ix":4},"nm":"Rectangle Path 1","mn":"ADBE Vector Shape - Rect","hd":false},{"ty":"fl","c":{"a":0,"k":[1,1,1,1],"ix":4},"o":{"a":0,"k":100,"ix":5},"r":1,"bm":0,"nm":"Fill 1","mn":"ADBE Vector Graphic - Fill","hd":false},{"ty":"tr","p":{"a":0,"k":[35.83,14.211],"ix":2},"a":{"a":0,"k":[0,0],"ix":1},"s":{"a":0,"k":[100,100],"ix":3},"r":{"a":0,"k":0,"ix":6},"o":{"a":0,"k":100,"ix":7},"sk":{"a":0,"k":0,"ix":4},"sa":{"a":0,"k":0,"ix":5},"nm":"Transform"}],"nm":"Rectangle 1","np":3,"cix":2,"bm":0,"ix":1,"mn":"ADBE Vector Group","hd":false}],"ip":0,"op":250,"st":0,"bm":0}]}],"fonts":{"list":[{"fName":"Lato-Black","fFamily":"Lato","fStyle":"Black","ascent":74.8992919921875}]},"layers":[{"ddd":0,"ind":1,"ty":4,"nm":"Loading... Outlines","sr":1,"ks":{"o":{"a":0,"k":100,"ix":11},"r":{"a":0,"k":0,"ix":10},"p":{"a":0,"k":[960,380,0],"ix":2,"l":2},"a":{"a":0,"k":[4.865,-8.761,0],"ix":1,"l":2},"s":{"a":0,"k":[100,100,100],"ix":6,"l":2}},"ao":0,"shapes":[{"ty":"gr","it":[{"ind":0,"ty":"sh","ix":1,"ks":{"a":0,"k":{"i":[[0,0],[0,0],[0,0],[0,0],[0,0],[0,0]],"o":[[0,0],[0,0],[0,0],[0,0],[0,0],[0,0]],"v":[[-219.804,13.448],[-219.804,-60.974],[-231.114,-60.974],[-231.114,23],[-183.472,23],[-183.472,13.448]],"c":true},"ix":2},"nm":"L","mn":"ADBE Vector Shape - Group","hd":false},{"ty":"fl","c":{"a":0,"k":[1,1,1,1],"ix":4},"o":{"a":0,"k":100,"ix":5},"r":1,"bm":0,"nm":"Fill 1","mn":"ADBE Vector Graphic - Fill","hd":false},{"ty":"tr","p":{"a":0,"k":[0,0],"ix":2},"a":{"a":0,"k":[0,0],"ix":1},"s":{"a":0,"k":[100,100],"ix":3},"r":{"a":0,"k":0,"ix":6},"o":{"a":0,"k":100,"ix":7},"sk":{"a":0,"k":0,"ix":4},"sa":{"a":0,"k":0,"ix":5},"nm":"Transform"}],"nm":"L","np":3,"cix":2,"bm":0,"ix":1,"mn":"ADBE Vector Group","hd":false},{"ty":"gr","it":[{"ind":0,"ty":"sh","ix":1,"ks":{"a":0,"k":{"i":[[3.496,-1.445],[2.461,-2.656],[1.308,-3.77],[0,-4.649],[-1.309,-3.75],[-2.461,-2.656],[-3.497,-1.426],[-4.376,0],[-3.478,1.426],[-2.461,2.657],[-1.309,3.75],[0,4.688],[1.308,3.771],[2.461,2.657],[3.477,1.446],[4.336,0]],"o":[[-3.497,1.446],[-2.461,2.657],[-1.309,3.771],[0,4.688],[1.308,3.75],[2.461,2.657],[3.496,1.426],[4.336,0],[3.477,-1.426],[2.461,-2.656],[1.308,-3.75],[0,-4.649],[-1.309,-3.77],[-2.461,-2.656],[-3.478,-1.445],[-4.376,0]],"v":[[-164.458,-35.131],[-173.394,-28.978],[-179.049,-19.339],[-181.012,-6.71],[-179.049,5.947],[-173.394,15.558],[-164.458,21.682],[-152.65,23.82],[-140.93,21.682],[-132.022,15.558],[-126.368,5.947],[-124.404,-6.71],[-126.368,-19.339],[-132.022,-28.978],[-140.93,-35.131],[-152.65,-37.299]],"c":true},"ix":2},"nm":"o","mn":"ADBE Vector Shape - Group","hd":false},{"ind":1,"ty":"sh","ix":2,"ks":{"a":0,"k":{"i":[[2.91,3.926],[0,7.032],[-0.723,2.794],[-1.465,1.915],[-2.208,1.016],[-2.969,0],[-2.892,-3.945],[0,-7.07],[2.891,-3.926],[5.86,0]],"o":[[-2.911,-3.926],[0,-3.516],[0.722,-2.793],[1.465,-1.914],[2.207,-1.015],[5.86,0],[2.891,3.946],[0,7.032],[-2.892,3.926],[-5.939,0]],"v":[[-165.923,9.786],[-170.288,-6.652],[-169.204,-16.115],[-165.923,-23.177],[-160.414,-27.572],[-152.65,-29.095],[-139.523,-23.177],[-135.187,-6.652],[-139.523,9.786],[-152.65,15.675]],"c":true},"ix":2},"nm":"o","mn":"ADBE Vector Shape - Group","hd":false},{"ty":"mm","mm":1,"nm":"Merge Paths 1","mn":"ADBE Vector Filter - Merge","hd":false},{"ty":"fl","c":{"a":0,"k":[1,1,1,1],"ix":4},"o":{"a":0,"k":100,"ix":5},"r":1,"bm":0,"nm":"Fill 1","mn":"ADBE Vector Graphic - Fill","hd":false},{"ty":"tr","p":{"a":0,"k":[0,0],"ix":2},"a":{"a":0,"k":[0,0],"ix":1},"s":{"a":0,"k":[100,100],"ix":3},"r":{"a":0,"k":0,"ix":6},"o":{"a":0,"k":100,"ix":7},"sk":{"a":0,"k":0,"ix":4},"sa":{"a":0,"k":0,"ix":5},"nm":"Transform"}],"nm":"o","np":5,"cix":2,"bm":0,"ix":2,"mn":"ADBE Vector Group","hd":false},{"ty":"gr","it":[{"ind":0,"ty":"sh","ix":1,"ks":{"a":0,"k":{"i":[[0,0],[1.231,-0.976],[1.348,-0.703],[1.524,-0.371],[1.836,0],[1.191,0.332],[0.879,0.723],[0.507,1.134],[0,1.563],[-0.958,1.329],[-2.13,0.977],[-3.38,0.606],[-4.805,0.157]],"o":[[-1.172,1.251],[-1.231,0.977],[-1.348,0.703],[-1.524,0.372],[-1.368,0],[-1.192,-0.331],[-0.879,-0.722],[-0.508,-1.133],[0,-1.641],[0.957,-1.328],[2.129,-0.976],[3.379,-0.605],[0,0]],"v":[[-79.05,8.584],[-82.654,11.925],[-86.521,14.444],[-90.828,16.056],[-95.868,16.613],[-99.706,16.115],[-102.812,14.532],[-104.892,11.749],[-105.654,7.705],[-104.218,3.252],[-99.589,-0.206],[-91.326,-2.579],[-79.05,-3.722]],"c":true},"ix":2},"nm":"a","mn":"ADBE Vector Shape - Group","hd":false},{"ind":1,"ty":"sh","ix":2,"ks":{"a":0,"k":{"i":[[0,0],[-0.508,-0.371],[-0.703,0],[-0.918,0.645],[-1.27,0.801],[-1.739,0.645],[-2.578,0],[-1.992,-2.363],[0,-4.609],[0,0],[4.649,-1.074],[2.891,-1.679],[1.289,-2.168],[0,-2.344],[-0.879,-1.972],[-1.504,-1.289],[-2.032,-0.645],[-2.306,0],[-1.856,0.41],[-1.641,0.762],[-1.485,1.113],[-1.563,1.446],[0,0],[-0.548,-0.331],[-1.016,0],[0,0],[0,0],[0.898,2.774],[1.758,1.954],[2.578,1.094],[3.32,0],[3.789,-1.562],[3.282,-3.164]],"o":[[0.352,0.548],[0.507,0.372],[0.898,0],[0.917,-0.645],[1.269,-0.8],[1.738,-0.645],[3.828,0],[1.992,2.364],[0,0],[-6.759,0.157],[-4.65,1.075],[-2.892,1.68],[-1.289,2.168],[0,2.696],[0.879,1.973],[1.503,1.289],[2.031,0.645],[2.265,0],[1.855,-0.41],[1.641,-0.762],[1.484,-1.113],[0,0],[0.312,0.977],[0.547,0.332],[0,0],[0,0],[0,-3.32],[-0.899,-2.773],[-1.758,-1.953],[-2.578,-1.093],[-4.61,0],[-3.79,1.563],[0,0]],"v":[[-110.869,-24.642],[-109.58,-23.265],[-107.764,-22.708],[-105.039,-23.675],[-101.757,-25.843],[-97.245,-28.011],[-90.77,-28.978],[-82.038,-25.433],[-79.05,-14.973],[-79.05,-10.343],[-96.161,-8.497],[-107.471,-4.366],[-113.741,1.406],[-115.675,8.174],[-114.356,15.177],[-110.782,20.07],[-105.478,22.971],[-98.974,23.938],[-92.791,23.322],[-87.547,21.564],[-82.859,18.751],[-78.288,14.913],[-77.116,20.539],[-75.827,22.502],[-73.483,23],[-68.853,23],[-68.853,-14.973],[-70.201,-24.114],[-74.186,-31.205],[-80.69,-35.776],[-89.539,-37.417],[-102.138,-35.073],[-112.745,-27.982]],"c":true},"ix":2},"nm":"a","mn":"ADBE Vector Shape - Group","hd":false},{"ty":"mm","mm":1,"nm":"Merge Paths 1","mn":"ADBE Vector Filter - Merge","hd":false},{"ty":"fl","c":{"a":0,"k":[1,1,1,1],"ix":4},"o":{"a":0,"k":100,"ix":5},"r":1,"bm":0,"nm":"Fill 1","mn":"ADBE Vector Graphic - Fill","hd":false},{"ty":"tr","p":{"a":0,"k":[0,0],"ix":2},"a":{"a":0,"k":[0,0],"ix":1},"s":{"a":0,"k":[100,100],"ix":3},"r":{"a":0,"k":0,"ix":6},"o":{"a":0,"k":100,"ix":7},"sk":{"a":0,"k":0,"ix":4},"sa":{"a":0,"k":0,"ix":5},"nm":"Transform"}],"nm":"a","np":5,"cix":2,"bm":0,"ix":3,"mn":"ADBE Vector Group","hd":false},{"ty":"gr","it":[{"ind":0,"ty":"sh","ix":1,"ks":{"a":0,"k":{"i":[[0,0],[2.558,-1.562],[3.437,0],[1.875,0.82],[1.289,1.778],[0.664,2.754],[0,3.868],[-2.969,3.946],[-5.508,0],[-2.266,-1.035],[-1.954,-2.617]],"o":[[-2.149,2.852],[-2.559,1.563],[-2.383,0],[-1.875,-0.82],[-1.289,-1.777],[-0.665,-2.754],[0,-7.305],[2.968,-3.945],[2.813,0],[2.265,1.036],[0,0]],"v":[[-14.297,6.416],[-21.359,13.038],[-30.354,15.382],[-36.741,14.151],[-41.488,10.255],[-44.418,3.457],[-45.414,-6.476],[-40.96,-23.353],[-28.244,-29.271],[-20.626,-27.718],[-14.297,-22.239]],"c":true},"ix":2},"nm":"d","mn":"ADBE Vector Shape - Group","hd":false},{"ind":1,"ty":"sh","ix":2,"ks":{"a":0,"k":{"i":[[0,0],[0,0],[2.598,1.231],[3.633,0],[3.184,-1.582],[2.187,-2.773],[1.172,-3.77],[0,-4.375],[-1.055,-3.789],[-1.954,-2.539],[-2.774,-1.308],[-3.399,0],[-3.243,1.875],[-2.54,3.047],[0,0],[-1.485,0],[0,0],[0,0]],"o":[[0,0],[-2.032,-2.187],[-2.599,-1.231],[-3.985,0],[-3.185,1.582],[-2.188,2.774],[-1.172,3.771],[0,4.922],[1.055,3.79],[1.953,2.54],[2.773,1.308],[4.258,0],[3.242,-1.875],[0,0],[0.39,1.446],[0,0],[0,0],[0,0]],"v":[[-14.297,-63.318],[-14.297,-30.443],[-21.242,-35.571],[-30.588,-37.417],[-41.341,-35.043],[-49.399,-28.509],[-54.438,-18.694],[-56.196,-6.476],[-54.614,6.592],[-50.102,16.085],[-43.011,21.857],[-33.753,23.82],[-22.501,21.008],[-13.829,13.624],[-12.891,20.832],[-10.078,23],[-3.867,23],[-3.867,-63.318]],"c":true},"ix":2},"nm":"d","mn":"ADBE Vector Shape - Group","hd":false},{"ty":"mm","mm":1,"nm":"Merge Paths 1","mn":"ADBE Vector Filter - Merge","hd":false},{"ty":"fl","c":{"a":0,"k":[1,1,1,1],"ix":4},"o":{"a":0,"k":100,"ix":5},"r":1,"bm":0,"nm":"Fill 1","mn":"ADBE Vector Graphic - Fill","hd":false},{"ty":"tr","p":{"a":0,"k":[0,0],"ix":2},"a":{"a":0,"k":[0,0],"ix":1},"s":{"a":0,"k":[100,100],"ix":3},"r":{"a":0,"k":0,"ix":6},"o":{"a":0,"k":100,"ix":7},"sk":{"a":0,"k":0,"ix":4},"sa":{"a":0,"k":0,"ix":5},"nm":"Transform"}],"nm":"d","np":5,"cix":2,"bm":0,"ix":4,"mn":"ADBE Vector Group","hd":false},{"ty":"gr","it":[{"ind":0,"ty":"sh","ix":1,"ks":{"a":0,"k":{"i":[[0,0],[0,0],[0,0],[0,0]],"o":[[0,0],[0,0],[0,0],[0,0]],"v":[[13.244,-36.362],[13.244,23],[23.675,23],[23.675,-36.362]],"c":true},"ix":2},"nm":"i","mn":"ADBE Vector Shape - Group","hd":false},{"ind":1,"ty":"sh","ix":2,"ks":{"a":0,"k":{"i":[[0.41,0.918],[0.683,0.684],[0.917,0.391],[1.015,0],[0.879,-0.39],[0.664,-0.683],[0.39,-0.917],[0,-1.015],[-0.391,-0.879],[-0.665,-0.683],[-0.879,-0.39],[-1.016,0],[-0.918,0.391],[-0.684,0.684],[-0.41,0.879],[0,1.016]],"o":[[-0.41,-0.917],[-0.684,-0.683],[-0.918,-0.39],[-1.016,0],[-0.879,0.391],[-0.665,0.684],[-0.391,0.918],[0,1.016],[0.39,0.879],[0.664,0.684],[0.879,0.391],[1.015,0],[0.917,-0.39],[0.683,-0.683],[0.41,-0.879],[0,-1.015]],"v":[[25.287,-57.897],[23.646,-60.3],[21.243,-61.911],[18.343,-62.497],[15.5,-61.911],[13.186,-60.3],[11.604,-57.897],[11.018,-54.997],[11.604,-52.154],[13.186,-49.811],[15.5,-48.199],[18.343,-47.613],[21.243,-48.199],[23.646,-49.811],[25.287,-52.154],[25.902,-54.997]],"c":true},"ix":2},"nm":"i","mn":"ADBE Vector Shape - Group","hd":false},{"ty":"mm","mm":1,"nm":"Merge Paths 1","mn":"ADBE Vector Filter - Merge","hd":false},{"ty":"fl","c":{"a":0,"k":[1,1,1,1],"ix":4},"o":{"a":0,"k":100,"ix":5},"r":1,"bm":0,"nm":"Fill 1","mn":"ADBE Vector Graphic - Fill","hd":false},{"ty":"tr","p":{"a":0,"k":[0,0],"ix":2},"a":{"a":0,"k":[0,0],"ix":1},"s":{"a":0,"k":[100,100],"ix":3},"r":{"a":0,"k":0,"ix":6},"o":{"a":0,"k":100,"ix":7},"sk":{"a":0,"k":0,"ix":4},"sa":{"a":0,"k":0,"ix":5},"nm":"Transform"}],"nm":"i","np":5,"cix":2,"bm":0,"ix":5,"mn":"ADBE Vector Group","hd":false},{"ty":"gr","it":[{"ind":0,"ty":"sh","ix":1,"ks":{"a":0,"k":{"i":[[0,0],[1.484,0],[0,0],[0,0],[0,0],[0,0],[-2.676,1.485],[-3.087,0],[-2.051,-2.48],[0,-4.492],[0,0],[0,0],[0,0],[0.859,2.774],[1.66,1.973],[2.48,1.075],[3.242,0],[1.817,-0.449],[1.621,-0.84],[1.445,-1.172],[1.289,-1.445]],"o":[[-0.352,-1.445],[0,0],[0,0],[0,0],[0,0],[2.265,-2.539],[2.675,-1.484],[4.18,0],[2.051,2.481],[0,0],[0,0],[0,0],[0,-3.359],[-0.86,-2.773],[-1.661,-1.972],[-2.481,-1.074],[-2.11,0],[-1.817,0.45],[-1.622,0.841],[-1.446,1.172],[0,0]],"v":[[49.81,-34.194],[47.055,-36.362],[40.785,-36.362],[40.785,23],[51.275,23],[51.275,-20.716],[58.687,-26.751],[67.331,-28.978],[76.678,-25.257],[79.754,-14.797],[79.754,23],[90.244,23],[90.244,-14.797],[88.954,-23.997],[85.175,-31.117],[78.963,-35.688],[70.378,-37.299],[64.489,-36.626],[59.332,-34.692],[54.732,-31.674],[50.63,-27.748]],"c":true},"ix":2},"nm":"n","mn":"ADBE Vector Shape - Group","hd":false},{"ty":"fl","c":{"a":0,"k":[1,1,1,1],"ix":4},"o":{"a":0,"k":100,"ix":5},"r":1,"bm":0,"nm":"Fill 1","mn":"ADBE Vector Graphic - Fill","hd":false},{"ty":"tr","p":{"a":0,"k":[0,0],"ix":2},"a":{"a":0,"k":[0,0],"ix":1},"s":{"a":0,"k":[100,100],"ix":3},"r":{"a":0,"k":0,"ix":6},"o":{"a":0,"k":100,"ix":7},"sk":{"a":0,"k":0,"ix":4},"sa":{"a":0,"k":0,"ix":5},"nm":"Transform"}],"nm":"n","np":3,"cix":2,"bm":0,"ix":6,"mn":"ADBE Vector Group","hd":false},{"ty":"gr","it":[{"ind":0,"ty":"sh","ix":1,"ks":{"a":0,"k":{"i":[[1.601,0.586],[1.093,1.055],[0.566,1.465],[0,1.758],[-2.208,2.149],[-4.219,0],[-2.208,-2.148],[0,-3.633],[0.547,-1.465],[1.093,-1.055],[1.601,-0.586],[2.11,0]],"o":[[-1.602,-0.586],[-1.094,-1.055],[-0.567,-1.465],[0,-3.633],[2.207,-2.148],[4.18,0],[2.207,2.149],[0,1.758],[-0.548,1.465],[-1.094,1.055],[-1.602,0.586],[-2.11,0]],"v":[[121.301,-6.886],[117.258,-9.347],[114.767,-13.127],[113.918,-17.961],[117.229,-26.634],[126.868,-29.857],[136.449,-26.634],[139.76,-17.961],[138.94,-13.127],[136.479,-9.347],[132.435,-6.886],[126.868,-6.007]],"c":true},"ix":2},"nm":"g","mn":"ADBE Vector Shape - Group","hd":false},{"ind":1,"ty":"sh","ix":2,"ks":{"a":0,"k":{"i":[[0.82,-1.289],[1.543,-0.938],[2.227,-0.508],[2.813,0],[2.129,0.488],[1.406,0.84],[0.683,1.152],[0,1.328],[-1.387,1.543],[-2.188,1.016],[-2.11,-0.117],[-2.051,-0.117],[-1.837,-0.214],[-1.387,-0.507],[-0.82,-0.898],[0,-1.446]],"o":[[-0.82,1.289],[-1.544,0.938],[-2.227,0.507],[-2.892,0],[-2.13,-0.489],[-1.406,-0.841],[-0.684,-1.153],[0,-2.071],[1.386,-1.543],[1.953,0.274],[2.11,0.117],[2.051,0.117],[1.836,0.215],[1.386,0.508],[0.82,0.898],[0,1.562]],"v":[[144.448,30.501],[140.903,33.841],[135.248,36.009],[127.689,36.771],[120.159,36.038],[114.855,34.046],[111.72,31.057],[110.695,27.336],[112.775,21.916],[118.137,18.078],[124.231,18.664],[130.472,19.015],[136.303,19.513],[141.137,20.597],[144.448,22.707],[145.679,26.223]],"c":true},"ix":2},"nm":"g","mn":"ADBE Vector Shape - Group","hd":false},{"ind":2,"ty":"sh","ix":3,"ks":{"a":0,"k":{"i":[[0,0],[2.227,0.567],[2.578,0],[2.754,-0.898],[1.992,-1.66],[1.113,-2.363],[0,-2.891],[-1.641,-2.715],[-2.93,-1.641],[0.938,-0.82],[0.645,-0.917],[0.312,-0.917],[0,-0.859],[-1.036,-1.308],[-1.758,-0.781],[1.836,-2.031],[0,-2.93],[-1.075,-1.895],[-2.149,-1.446],[-3.243,-0.86],[-4.336,0],[-3.457,1.113],[-2.383,1.855],[-1.27,2.382],[0,2.539],[1.152,1.72],[1.875,0.977],[2.403,0.43],[2.52,0.176],[2.403,0.079],[1.875,0.313],[1.152,0.723],[0,1.406],[-0.665,0.879],[-1.251,0.782],[-2.774,0],[-2.735,0.899],[-1.954,1.68],[-1.113,2.364],[0,2.892],[1.328,2.578],[0,0],[0,1.289],[0,0]],"o":[[-1.837,-1.093],[-2.227,-0.566],[-3.282,0],[-2.754,0.899],[-1.992,1.661],[-1.113,2.364],[0,3.595],[1.641,2.716],[-1.251,0.625],[-0.938,0.82],[-0.645,0.918],[-0.313,0.918],[0,2.227],[1.035,1.309],[-3.204,1.211],[-1.837,2.031],[0,2.07],[1.074,1.894],[2.148,1.445],[3.242,0.859],[4.336,0],[3.457,-1.113],[2.382,-1.856],[1.269,-2.383],[0,-2.734],[-1.153,-1.719],[-1.875,-0.976],[-2.403,-0.429],[-2.52,-0.176],[-2.403,-0.078],[-1.875,-0.312],[-1.153,-0.722],[0,-0.898],[0.664,-0.879],[2.461,0.665],[3.203,0],[2.734,-0.898],[1.953,-1.679],[1.113,-2.363],[0,-3.125],[0,0],[1.641,-0.352],[0,0],[0,0]],"v":[[140.171,-34.018],[134.076,-36.508],[126.868,-37.358],[117.815,-36.01],[110.695,-32.172],[106.036,-26.136],[104.366,-18.254],[106.827,-8.79],[113.683,-2.257],[110.402,-0.088],[108.028,2.519],[106.593,5.273],[106.124,7.94],[107.677,13.243],[111.867,16.378],[104.307,21.242],[101.553,28.684],[103.165,34.632],[107.999,39.642],[116.086,43.1],[127.454,44.389],[139.145,42.719],[147.906,38.265],[153.385,31.907],[155.289,24.524],[153.561,17.843],[149.019,13.8],[142.602,11.69],[135.219,10.782],[127.835,10.401],[121.419,9.815],[116.877,8.262],[115.148,5.068],[116.145,2.402],[119.016,-0.088],[126.868,0.908],[135.776,-0.44],[142.808,-4.308],[147.408,-10.373],[149.078,-18.254],[147.085,-26.81],[153.824,-27.689],[156.286,-30.15],[156.286,-34.018]],"c":true},"ix":2},"nm":"g","mn":"ADBE Vector Shape - Group","hd":false},{"ty":"mm","mm":1,"nm":"Merge Paths 1","mn":"ADBE Vector Filter - Merge","hd":false},{"ty":"fl","c":{"a":0,"k":[1,1,1,1],"ix":4},"o":{"a":0,"k":100,"ix":5},"r":1,"bm":0,"nm":"Fill 1","mn":"ADBE Vector Graphic - Fill","hd":false},{"ty":"tr","p":{"a":0,"k":[0,0],"ix":2},"a":{"a":0,"k":[0,0],"ix":1},"s":{"a":0,"k":[100,100],"ix":3},"r":{"a":0,"k":0,"ix":6},"o":{"a":0,"k":100,"ix":7},"sk":{"a":0,"k":0,"ix":4},"sa":{"a":0,"k":0,"ix":5},"nm":"Transform"}],"nm":"g","np":6,"cix":2,"bm":0,"ix":7,"mn":"ADBE Vector Group","hd":false},{"ty":"gr","it":[{"ind":0,"ty":"sh","ix":1,"ks":{"a":0,"k":{"i":[[-0.372,-0.879],[-0.645,-0.664],[-0.899,-0.371],[-1.016,0],[-0.899,0.371],[-0.665,0.665],[-0.391,0.879],[0,1.055],[0.39,0.899],[0.664,0.665],[0.898,0.391],[1.015,0],[0.898,-0.39],[0.645,-0.664],[0.371,-0.898],[0,-1.015]],"o":[[0.371,0.879],[0.645,0.665],[0.898,0.371],[1.015,0],[0.898,-0.371],[0.664,-0.664],[0.39,-0.879],[0,-1.015],[-0.391,-0.898],[-0.665,-0.664],[-0.899,-0.39],[-1.016,0],[-0.899,0.391],[-0.645,0.665],[-0.372,0.899],[0,1.055]],"v":[[165.924,19.455],[167.448,21.769],[169.762,23.322],[172.634,23.879],[175.505,23.322],[177.849,21.769],[179.431,19.455],[180.017,16.554],[179.431,13.683],[177.849,11.339],[175.505,9.756],[172.634,9.17],[169.762,9.756],[167.448,11.339],[165.924,13.683],[165.367,16.554]],"c":true},"ix":2},"nm":".","mn":"ADBE Vector Shape - Group","hd":false},{"ty":"fl","c":{"a":0,"k":[1,1,1,1],"ix":4},"o":{"a":0,"k":100,"ix":5},"r":1,"bm":0,"nm":"Fill 1","mn":"ADBE Vector Graphic - Fill","hd":false},{"ty":"tr","p":{"a":0,"k":[0,0],"ix":2},"a":{"a":0,"k":[0,0],"ix":1},"s":{"a":0,"k":[100,100],"ix":3},"r":{"a":0,"k":0,"ix":6},"o":{"a":0,"k":100,"ix":7},"sk":{"a":0,"k":0,"ix":4},"sa":{"a":0,"k":0,"ix":5},"nm":"Transform"}],"nm":".","np":3,"cix":2,"bm":0,"ix":8,"mn":"ADBE Vector Group","hd":false},{"ty":"gr","it":[{"ind":0,"ty":"sh","ix":1,"ks":{"a":0,"k":{"i":[[-0.372,-0.879],[-0.645,-0.664],[-0.899,-0.371],[-1.016,0],[-0.899,0.371],[-0.665,0.665],[-0.391,0.879],[0,1.055],[0.39,0.899],[0.664,0.665],[0.898,0.391],[1.015,0],[0.898,-0.39],[0.645,-0.664],[0.371,-0.898],[0,-1.015]],"o":[[0.371,0.879],[0.645,0.665],[0.898,0.371],[1.015,0],[0.898,-0.371],[0.664,-0.664],[0.39,-0.879],[0,-1.015],[-0.391,-0.898],[-0.665,-0.664],[-0.899,-0.39],[-1.016,0],[-0.899,0.391],[-0.645,0.665],[-0.372,0.899],[0,1.055]],"v":[[193.582,19.455],[195.106,21.769],[197.421,23.322],[200.292,23.879],[203.163,23.322],[205.507,21.769],[207.09,19.455],[207.676,16.554],[207.09,13.683],[205.507,11.339],[203.163,9.756],[200.292,9.17],[197.421,9.756],[195.106,11.339],[193.582,13.683],[193.026,16.554]],"c":true},"ix":2},"nm":".","mn":"ADBE Vector Shape - Group","hd":false},{"ty":"fl","c":{"a":0,"k":[1,1,1,1],"ix":4},"o":{"a":0,"k":100,"ix":5},"r":1,"bm":0,"nm":"Fill 1","mn":"ADBE Vector Graphic - Fill","hd":false},{"ty":"tr","p":{"a":0,"k":[0,0],"ix":2},"a":{"a":0,"k":[0,0],"ix":1},"s":{"a":0,"k":[100,100],"ix":3},"r":{"a":0,"k":0,"ix":6},"o":{"a":0,"k":100,"ix":7},"sk":{"a":0,"k":0,"ix":4},"sa":{"a":0,"k":0,"ix":5},"nm":"Transform"}],"nm":".","np":3,"cix":2,"bm":0,"ix":9,"mn":"ADBE Vector Group","hd":false},{"ty":"gr","it":[{"ind":0,"ty":"sh","ix":1,"ks":{"a":0,"k":{"i":[[-0.372,-0.879],[-0.645,-0.664],[-0.899,-0.371],[-1.016,0],[-0.899,0.371],[-0.665,0.665],[-0.391,0.879],[0,1.055],[0.39,0.899],[0.664,0.665],[0.898,0.391],[1.015,0],[0.898,-0.39],[0.645,-0.664],[0.371,-0.898],[0,-1.015]],"o":[[0.371,0.879],[0.645,0.665],[0.898,0.371],[1.015,0],[0.898,-0.371],[0.664,-0.664],[0.39,-0.879],[0,-1.015],[-0.391,-0.898],[-0.665,-0.664],[-0.899,-0.39],[-1.016,0],[-0.899,0.391],[-0.645,0.665],[-0.372,0.899],[0,1.055]],"v":[[221.241,19.455],[222.764,21.769],[225.079,23.322],[227.95,23.879],[230.822,23.322],[233.166,21.769],[234.748,19.455],[235.334,16.554],[234.748,13.683],[233.166,11.339],[230.822,9.756],[227.95,9.17],[225.079,9.756],[222.764,11.339],[221.241,13.683],[220.684,16.554]],"c":true},"ix":2},"nm":".","mn":"ADBE Vector Shape - Group","hd":false},{"ty":"fl","c":{"a":0,"k":[1,1,1,1],"ix":4},"o":{"a":0,"k":100,"ix":5},"r":1,"bm":0,"nm":"Fill 1","mn":"ADBE Vector Graphic - Fill","hd":false},{"ty":"tr","p":{"a":0,"k":[0,0],"ix":2},"a":{"a":0,"k":[0,0],"ix":1},"s":{"a":0,"k":[100,100],"ix":3},"r":{"a":0,"k":0,"ix":6},"o":{"a":0,"k":100,"ix":7},"sk":{"a":0,"k":0,"ix":4},"sa":{"a":0,"k":0,"ix":5},"nm":"Transform"}],"nm":".","np":3,"cix":2,"bm":0,"ix":10,"mn":"ADBE Vector Group","hd":false}],"ip":0,"op":151,"st":0,"bm":0},{"ddd":0,"ind":2,"ty":4,"nm":"Shape Layer 3","sr":1,"ks":{"o":{"a":0,"k":100,"ix":11},"r":{"a":0,"k":0,"ix":10},"p":{"a":0,"k":[960,540,0],"ix":2,"l":2},"a":{"a":0,"k":[35.83,14.211,0],"ix":1,"l":2},"s":{"a":0,"k":[100,100,100],"ix":6,"l":2}},"ao":0,"shapes":[{"ty":"gr","it":[{"ty":"rc","d":1,"s":{"a":0,"k":[1213.36,163.968],"ix":2},"p":{"a":0,"k":[0,0],"ix":3},"r":{"a":0,"k":100,"ix":4},"nm":"Rectangle Path 1","mn":"ADBE Vector Shape - Rect","hd":false},{"ty":"st","c":{"a":0,"k":[1,1,1,1],"ix":3},"o":{"a":0,"k":100,"ix":4},"w":{"a":0,"k":15,"ix":5},"lc":1,"lj":1,"ml":4,"bm":0,"nm":"Stroke 1","mn":"ADBE Vector Graphic - Stroke","hd":false},{"ty":"tr","p":{"a":0,"k":[35.83,14.211],"ix":2},"a":{"a":0,"k":[0,0],"ix":1},"s":{"a":0,"k":[100,100],"ix":3},"r":{"a":0,"k":0,"ix":6},"o":{"a":0,"k":100,"ix":7},"sk":{"a":0,"k":0,"ix":4},"sa":{"a":0,"k":0,"ix":5},"nm":"Transform"}],"nm":"Rectangle 1","np":3,"cix":2,"bm":0,"ix":1,"mn":"ADBE Vector Group","hd":false}],"ip":0,"op":151,"st":0,"bm":0},{"ddd":0,"ind":3,"ty":0,"nm":"Pre-comp 2","refId":"comp_0","sr":1,"ks":{"o":{"a":0,"k":100,"ix":11},"r":{"a":0,"k":0,"ix":10},"p":{"a":0,"k":[960,540,0],"ix":2,"l":2},"a":{"a":0,"k":[960,540,0],"ix":1,"l":2},"s":{"a":0,"k":[100,100,100],"ix":6,"l":2}},"ao":0,"w":1920,"h":1080,"ip":0,"op":151,"st":0,"bm":0},{"ddd":0,"ind":4,"ty":5,"nm":"0% 2","sr":1,"ks":{"o":{"a":0,"k":100,"ix":11},"r":{"a":0,"k":0,"ix":10},"p":{"a":0,"k":[960,540,0],"ix":2,"l":2},"a":{"a":0,"k":[0.001,-19.016,0],"ix":1,"l":2},"s":{"a":0,"k":[100,100,100],"ix":6,"l":2}},"ao":0,"hasMask":true,"masksProperties":[{"inv":false,"mode":"a","pt":{"a":1,"k":[{"i":{"x":0.833,"y":0.833},"o":{"x":0.167,"y":0.167},"t":43,"s":[{"i":[[0,0],[0,0],[0,0],[0,0]],"o":[[0,0],[0,0],[0,0],[0,0]],"v":[[148.001,-78.016],[-119.499,-78.016],[-119.499,42.984],[148.001,42.984]],"c":true}]},{"i":{"x":0.833,"y":0.833},"o":{"x":0.167,"y":0.167},"t":44,"s":[{"i":[[0,0],[0,0],[0,0],[0,0]],"o":[[0,0],[0,0],[0,0],[0,0]],"v":[[148.001,-78.016],[-101.874,-78.016],[-101.874,42.984],[148.001,42.984]],"c":true}]},{"i":{"x":0.833,"y":0.833},"o":{"x":0.167,"y":0.167},"t":45,"s":[{"i":[[0,0],[0,0],[0,0],[0,0]],"o":[[0,0],[0,0],[0,0],[0,0]],"v":[[148.001,-78.016],[-84.249,-78.016],[-84.249,42.984],[148.001,42.984]],"c":true}]},{"i":{"x":0.833,"y":0.833},"o":{"x":0.167,"y":0.167},"t":46,"s":[{"i":[[0,0],[0,0],[0,0],[0,0]],"o":[[0,0],[0,0],[0,0],[0,0]],"v":[[148.001,-78.016],[-65.999,-78.016],[-65.999,42.984],[148.001,42.984]],"c":true}]},{"i":{"x":0.833,"y":0.833},"o":{"x":0.167,"y":0.167},"t":47,"s":[{"i":[[0,0],[0,0],[0,0],[0,0]],"o":[[0,0],[0,0],[0,0],[0,0]],"v":[[148.001,-78.016],[-47.749,-78.016],[-47.749,42.984],[148.001,42.984]],"c":true}]},{"i":{"x":0.833,"y":0.833},"o":{"x":0.167,"y":0.167},"t":48,"s":[{"i":[[0,0],[0,0],[0,0],[0,0]],"o":[[0,0],[0,0],[0,0],[0,0]],"v":[[148.001,-78.016],[-29.749,-78.016],[-29.749,42.984],[148.001,42.984]],"c":true}]},{"i":{"x":0.833,"y":0.833},"o":{"x":0.167,"y":0.167},"t":49,"s":[{"i":[[0,0],[0,0],[0,0],[0,0]],"o":[[0,0],[0,0],[0,0],[0,0]],"v":[[148.001,-78.016],[-11.999,-78.016],[-11.999,42.984],[148.001,42.984]],"c":true}]},{"i":{"x":0.833,"y":0.833},"o":{"x":0.167,"y":0.167},"t":50,"s":[{"i":[[0,0],[0,0],[0,0],[0,0]],"o":[[0,0],[0,0],[0,0],[0,0]],"v":[[148.001,-78.016],[6.001,-78.016],[6.001,42.984],[148.001,42.984]],"c":true}]},{"i":{"x":0.833,"y":0.833},"o":{"x":0.167,"y":0.167},"t":51,"s":[{"i":[[0,0],[0,0],[0,0],[0,0]],"o":[[0,0],[0,0],[0,0],[0,0]],"v":[[148.001,-78.016],[24.251,-78.016],[24.251,42.984],[148.001,42.984]],"c":true}]},{"i":{"x":0.833,"y":0.833},"o":{"x":0.167,"y":0.167},"t":52,"s":[{"i":[[0,0],[0,0],[0,0],[0,0]],"o":[[0,0],[0,0],[0,0],[0,0]],"v":[[148.001,-78.016],[42.001,-78.016],[42.001,42.984],[148.001,42.984]],"c":true}]},{"i":{"x":0.833,"y":0.833},"o":{"x":0.167,"y":0.167},"t":53,"s":[{"i":[[0,0],[0,0],[0,0],[0,0]],"o":[[0,0],[0,0],[0,0],[0,0]],"v":[[148.001,-78.016],[60.001,-78.016],[60.001,42.984],[148.001,42.984]],"c":true}]},{"i":{"x":0.833,"y":0.833},"o":{"x":0.167,"y":0.167},"t":54,"s":[{"i":[[0,0],[0,0],[0,0],[0,0]],"o":[[0,0],[0,0],[0,0],[0,0]],"v":[[148.001,-78.016],[78.001,-78.016],[78.001,42.984],[148.001,42.984]],"c":true}]},{"i":{"x":0.833,"y":0.833},"o":{"x":0.167,"y":0.167},"t":55,"s":[{"i":[[0,0],[0,0],[0,0],[0,0]],"o":[[0,0],[0,0],[0,0],[0,0]],"v":[[148.001,-78.016],[96.001,-78.016],[96.001,42.984],[148.001,42.984]],"c":true}]},{"i":{"x":0.833,"y":0.833},"o":{"x":0.167,"y":0.167},"t":56,"s":[{"i":[[0,0],[0,0],[0,0],[0,0]],"o":[[0,0],[0,0],[0,0],[0,0]],"v":[[148.001,-78.016],[114.251,-78.016],[114.251,42.984],[148.001,42.984]],"c":true}]},{"i":{"x":0.833,"y":0.833},"o":{"x":0.167,"y":0.167},"t":57,"s":[{"i":[[0,0],[0,0],[0,0],[0,0]],"o":[[0,0],[0,0],[0,0],[0,0]],"v":[[148.001,-78.016],[131.751,-78.016],[131.751,42.984],[148.001,42.984]],"c":true}]},{"t":58,"s":[{"i":[[0,0],[0,0],[0,0],[0,0]],"o":[[0,0],[0,0],[0,0],[0,0]],"v":[[243.001,-78.016],[226.751,-78.016],[226.751,42.984],[243.001,42.984]],"c":true}]}],"ix":1},"o":{"a":0,"k":100,"ix":3},"x":{"a":0,"k":0,"ix":4},"nm":"Mask 1"}],"t":{"d":{"k":[{"s":{"s":117.199996948242,"f":"Lato-Black","t":"0%","ca":0,"j":2,"tr":0,"lh":140.639996337891,"ls":-23,"fc":[1,1,1,1]},"t":0},{"s":{"s":117.199996948242,"f":"Lato-Black","t":"1%","ca":0,"j":2,"tr":0,"lh":140.639996337891,"ls":-23,"fc":[1,1,1,1]},"t":1},{"s":{"s":117.199996948242,"f":"Lato-Black","t":"2%","ca":0,"j":2,"tr":0,"lh":140.639996337891,"ls":-23,"fc":[1,1,1,1]},"t":2},{"s":{"s":117.199996948242,"f":"Lato-Black","t":"3%","ca":0,"j":2,"tr":0,"lh":140.639996337891,"ls":-23,"fc":[1,1,1,1]},"t":3},{"s":{"s":117.199996948242,"f":"Lato-Black","t":"4%","ca":0,"j":2,"tr":0,"lh":140.639996337891,"ls":-23,"fc":[1,1,1,1]},"t":4},{"s":{"s":117.199996948242,"f":"Lato-Black","t":"5%","ca":0,"j":2,"tr":0,"lh":140.639996337891,"ls":-23,"fc":[1,1,1,1]},"t":5},{"s":{"s":117.199996948242,"f":"Lato-Black","t":"6%","ca":0,"j":2,"tr":0,"lh":140.639996337891,"ls":-23,"fc":[1,1,1,1]},"t":6},{"s":{"s":117.199996948242,"f":"Lato-Black","t":"7%","ca":0,"j":2,"tr":0,"lh":140.639996337891,"ls":-23,"fc":[1,1,1,1]},"t":7},{"s":{"s":117.199996948242,"f":"Lato-Black","t":"8%","ca":0,"j":2,"tr":0,"lh":140.639996337891,"ls":-23,"fc":[1,1,1,1]},"t":8},{"s":{"s":117.199996948242,"f":"Lato-Black","t":"9%","ca":0,"j":2,"tr":0,"lh":140.639996337891,"ls":-23,"fc":[1,1,1,1]},"t":9},{"s":{"s":117.199996948242,"f":"Lato-Black","t":"10%","ca":0,"j":2,"tr":0,"lh":140.639996337891,"ls":-23,"fc":[1,1,1,1]},"t":10},{"s":{"s":117.199996948242,"f":"Lato-Black","t":"11%","ca":0,"j":2,"tr":0,"lh":140.639996337891,"ls":-23,"fc":[1,1,1,1]},"t":11},{"s":{"s":117.199996948242,"f":"Lato-Black","t":"12%","ca":0,"j":2,"tr":0,"lh":140.639996337891,"ls":-23,"fc":[1,1,1,1]},"t":12},{"s":{"s":117.199996948242,"f":"Lato-Black","t":"13%","ca":0,"j":2,"tr":0,"lh":140.639996337891,"ls":-23,"fc":[1,1,1,1]},"t":13},{"s":{"s":117.199996948242,"f":"Lato-Black","t":"14%","ca":0,"j":2,"tr":0,"lh":140.639996337891,"ls":-23,"fc":[1,1,1,1]},"t":14},{"s":{"s":117.199996948242,"f":"Lato-Black","t":"15%","ca":0,"j":2,"tr":0,"lh":140.639996337891,"ls":-23,"fc":[1,1,1,1]},"t":15},{"s":{"s":117.199996948242,"f":"Lato-Black","t":"16%","ca":0,"j":2,"tr":0,"lh":140.639996337891,"ls":-23,"fc":[1,1,1,1]},"t":16},{"s":{"s":117.199996948242,"f":"Lato-Black","t":"17%","ca":0,"j":2,"tr":0,"lh":140.639996337891,"ls":-23,"fc":[1,1,1,1]},"t":17},{"s":{"s":117.199996948242,"f":"Lato-Black","t":"18%","ca":0,"j":2,"tr":0,"lh":140.639996337891,"ls":-23,"fc":[1,1,1,1]},"t":18},{"s":{"s":117.199996948242,"f":"Lato-Black","t":"19%","ca":0,"j":2,"tr":0,"lh":140.639996337891,"ls":-23,"fc":[1,1,1,1]},"t":19},{"s":{"s":117.199996948242,"f":"Lato-Black","t":"20%","ca":0,"j":2,"tr":0,"lh":140.639996337891,"ls":-23,"fc":[1,1,1,1]},"t":20},{"s":{"s":117.199996948242,"f":"Lato-Black","t":"21%","ca":0,"j":2,"tr":0,"lh":140.639996337891,"ls":-23,"fc":[1,1,1,1]},"t":21},{"s":{"s":117.199996948242,"f":"Lato-Black","t":"22%","ca":0,"j":2,"tr":0,"lh":140.639996337891,"ls":-23,"fc":[1,1,1,1]},"t":22},{"s":{"s":117.199996948242,"f":"Lato-Black","t":"23%","ca":0,"j":2,"tr":0,"lh":140.639996337891,"ls":-23,"fc":[1,1,1,1]},"t":23},{"s":{"s":117.199996948242,"f":"Lato-Black","t":"24%","ca":0,"j":2,"tr":0,"lh":140.639996337891,"ls":-23,"fc":[1,1,1,1]},"t":24},{"s":{"s":117.199996948242,"f":"Lato-Black","t":"25%","ca":0,"j":2,"tr":0,"lh":140.639996337891,"ls":-23,"fc":[1,1,1,1]},"t":25},{"s":{"s":117.199996948242,"f":"Lato-Black","t":"26%","ca":0,"j":2,"tr":0,"lh":140.639996337891,"ls":-23,"fc":[1,1,1,1]},"t":26},{"s":{"s":117.199996948242,"f":"Lato-Black","t":"27%","ca":0,"j":2,"tr":0,"lh":140.639996337891,"ls":-23,"fc":[1,1,1,1]},"t":27},{"s":{"s":117.199996948242,"f":"Lato-Black","t":"28%","ca":0,"j":2,"tr":0,"lh":140.639996337891,"ls":-23,"fc":[1,1,1,1]},"t":28},{"s":{"s":117.199996948242,"f":"Lato-Black","t":"29%","ca":0,"j":2,"tr":0,"lh":140.639996337891,"ls":-23,"fc":[1,1,1,1]},"t":29},{"s":{"s":117.199996948242,"f":"Lato-Black","t":"30%","ca":0,"j":2,"tr":0,"lh":140.639996337891,"ls":-23,"fc":[1,1,1,1]},"t":30},{"s":{"s":117.199996948242,"f":"Lato-Black","t":"31%","ca":0,"j":2,"tr":0,"lh":140.639996337891,"ls":-23,"fc":[1,1,1,1]},"t":31},{"s":{"s":117.199996948242,"f":"Lato-Black","t":"32%","ca":0,"j":2,"tr":0,"lh":140.639996337891,"ls":-23,"fc":[1,1,1,1]},"t":32},{"s":{"s":117.199996948242,"f":"Lato-Black","t":"33%","ca":0,"j":2,"tr":0,"lh":140.639996337891,"ls":-23,"fc":[1,1,1,1]},"t":33},{"s":{"s":117.199996948242,"f":"Lato-Black","t":"34%","ca":0,"j":2,"tr":0,"lh":140.639996337891,"ls":-23,"fc":[1,1,1,1]},"t":34},{"s":{"s":117.199996948242,"f":"Lato-Black","t":"35%","ca":0,"j":2,"tr":0,"lh":140.639996337891,"ls":-23,"fc":[1,1,1,1]},"t":35},{"s":{"s":117.199996948242,"f":"Lato-Black","t":"36%","ca":0,"j":2,"tr":0,"lh":140.639996337891,"ls":-23,"fc":[1,1,1,1]},"t":36},{"s":{"s":117.199996948242,"f":"Lato-Black","t":"37%","ca":0,"j":2,"tr":0,"lh":140.639996337891,"ls":-23,"fc":[1,1,1,1]},"t":37},{"s":{"s":117.199996948242,"f":"Lato-Black","t":"38%","ca":0,"j":2,"tr":0,"lh":140.639996337891,"ls":-23,"fc":[1,1,1,1]},"t":38},{"s":{"s":117.199996948242,"f":"Lato-Black","t":"39%","ca":0,"j":2,"tr":0,"lh":140.639996337891,"ls":-23,"fc":[1,1,1,1]},"t":39},{"s":{"s":117.199996948242,"f":"Lato-Black","t":"40%","ca":0,"j":2,"tr":0,"lh":140.639996337891,"ls":-23,"fc":[1,1,1,1]},"t":40},{"s":{"s":117.199996948242,"f":"Lato-Black","t":"41%","ca":0,"j":2,"tr":0,"lh":140.639996337891,"ls":-23,"fc":[1,1,1,1]},"t":41},{"s":{"s":117.199996948242,"f":"Lato-Black","t":"42%","ca":0,"j":2,"tr":0,"lh":140.639996337891,"ls":-23,"fc":[1,1,1,1]},"t":42},{"s":{"s":117.199996948242,"f":"Lato-Black","t":"43%","ca":0,"j":2,"tr":0,"lh":140.639996337891,"ls":-23,"fc":[1,1,1,1]},"t":43},{"s":{"s":117.199996948242,"f":"Lato-Black","t":"44%","ca":0,"j":2,"tr":0,"lh":140.639996337891,"ls":-23,"fc":[1,1,1,1]},"t":44},{"s":{"s":117.199996948242,"f":"Lato-Black","t":"45%","ca":0,"j":2,"tr":0,"lh":140.639996337891,"ls":-23,"fc":[1,1,1,1]},"t":45},{"s":{"s":117.199996948242,"f":"Lato-Black","t":"46%","ca":0,"j":2,"tr":0,"lh":140.639996337891,"ls":-23,"fc":[1,1,1,1]},"t":46},{"s":{"s":117.199996948242,"f":"Lato-Black","t":"47%","ca":0,"j":2,"tr":0,"lh":140.639996337891,"ls":-23,"fc":[1,1,1,1]},"t":47},{"s":{"s":117.199996948242,"f":"Lato-Black","t":"48%","ca":0,"j":2,"tr":0,"lh":140.639996337891,"ls":-23,"fc":[1,1,1,1]},"t":48},{"s":{"s":117.199996948242,"f":"Lato-Black","t":"49%","ca":0,"j":2,"tr":0,"lh":140.639996337891,"ls":-23,"fc":[1,1,1,1]},"t":49},{"s":{"s":117.199996948242,"f":"Lato-Black","t":"50%","ca":0,"j":2,"tr":0,"lh":140.639996337891,"ls":-23,"fc":[1,1,1,1]},"t":50},{"s":{"s":117.199996948242,"f":"Lato-Black","t":"51%","ca":0,"j":2,"tr":0,"lh":140.639996337891,"ls":-23,"fc":[1,1,1,1]},"t":51},{"s":{"s":117.199996948242,"f":"Lato-Black","t":"52%","ca":0,"j":2,"tr":0,"lh":140.639996337891,"ls":-23,"fc":[1,1,1,1]},"t":52},{"s":{"s":117.199996948242,"f":"Lato-Black","t":"53%","ca":0,"j":2,"tr":0,"lh":140.639996337891,"ls":-23,"fc":[1,1,1,1]},"t":53},{"s":{"s":117.199996948242,"f":"Lato-Black","t":"54%","ca":0,"j":2,"tr":0,"lh":140.639996337891,"ls":-23,"fc":[1,1,1,1]},"t":54},{"s":{"s":117.199996948242,"f":"Lato-Black","t":"55%","ca":0,"j":2,"tr":0,"lh":140.639996337891,"ls":-23,"fc":[1,1,1,1]},"t":55},{"s":{"s":117.199996948242,"f":"Lato-Black","t":"56%","ca":0,"j":2,"tr":0,"lh":140.639996337891,"ls":-23,"fc":[1,1,1,1]},"t":56},{"s":{"s":117.199996948242,"f":"Lato-Black","t":"57%","ca":0,"j":2,"tr":0,"lh":140.639996337891,"ls":-23,"fc":[1,1,1,1]},"t":57},{"s":{"s":117.199996948242,"f":"Lato-Black","t":"58%","ca":0,"j":2,"tr":0,"lh":140.639996337891,"ls":-23,"fc":[1,1,1,1]},"t":58},{"s":{"s":117.199996948242,"f":"Lato-Black","t":"59%","ca":0,"j":2,"tr":0,"lh":140.639996337891,"ls":-23,"fc":[1,1,1,1]},"t":59},{"s":{"s":117.199996948242,"f":"Lato-Black","t":"60%","ca":0,"j":2,"tr":0,"lh":140.639996337891,"ls":-23,"fc":[1,1,1,1]},"t":60},{"s":{"s":117.199996948242,"f":"Lato-Black","t":"61%","ca":0,"j":2,"tr":0,"lh":140.639996337891,"ls":-23,"fc":[1,1,1,1]},"t":61},{"s":{"s":117.199996948242,"f":"Lato-Black","t":"62%","ca":0,"j":2,"tr":0,"lh":140.639996337891,"ls":-23,"fc":[1,1,1,1]},"t":62},{"s":{"s":117.199996948242,"f":"Lato-Black","t":"63%","ca":0,"j":2,"tr":0,"lh":140.639996337891,"ls":-23,"fc":[1,1,1,1]},"t":63},{"s":{"s":117.199996948242,"f":"Lato-Black","t":"64%","ca":0,"j":2,"tr":0,"lh":140.639996337891,"ls":-23,"fc":[1,1,1,1]},"t":64},{"s":{"s":117.199996948242,"f":"Lato-Black","t":"65%","ca":0,"j":2,"tr":0,"lh":140.639996337891,"ls":-23,"fc":[1,1,1,1]},"t":65},{"s":{"s":117.199996948242,"f":"Lato-Black","t":"66%","ca":0,"j":2,"tr":0,"lh":140.639996337891,"ls":-23,"fc":[1,1,1,1]},"t":66},{"s":{"s":117.199996948242,"f":"Lato-Black","t":"67%","ca":0,"j":2,"tr":0,"lh":140.639996337891,"ls":-23,"fc":[1,1,1,1]},"t":67},{"s":{"s":117.199996948242,"f":"Lato-Black","t":"68%","ca":0,"j":2,"tr":0,"lh":140.639996337891,"ls":-23,"fc":[1,1,1,1]},"t":68},{"s":{"s":117.199996948242,"f":"Lato-Black","t":"69%","ca":0,"j":2,"tr":0,"lh":140.639996337891,"ls":-23,"fc":[1,1,1,1]},"t":69},{"s":{"s":117.199996948242,"f":"Lato-Black","t":"70%","ca":0,"j":2,"tr":0,"lh":140.639996337891,"ls":-23,"fc":[1,1,1,1]},"t":70},{"s":{"s":117.199996948242,"f":"Lato-Black","t":"71%","ca":0,"j":2,"tr":0,"lh":140.639996337891,"ls":-23,"fc":[1,1,1,1]},"t":71},{"s":{"s":117.199996948242,"f":"Lato-Black","t":"72%","ca":0,"j":2,"tr":0,"lh":140.639996337891,"ls":-23,"fc":[1,1,1,1]},"t":72},{"s":{"s":117.199996948242,"f":"Lato-Black","t":"73%","ca":0,"j":2,"tr":0,"lh":140.639996337891,"ls":-23,"fc":[1,1,1,1]},"t":73},{"s":{"s":117.199996948242,"f":"Lato-Black","t":"74%","ca":0,"j":2,"tr":0,"lh":140.639996337891,"ls":-23,"fc":[1,1,1,1]},"t":74},{"s":{"s":117.199996948242,"f":"Lato-Black","t":"75%","ca":0,"j":2,"tr":0,"lh":140.639996337891,"ls":-23,"fc":[1,1,1,1]},"t":75},{"s":{"s":117.199996948242,"f":"Lato-Black","t":"76%","ca":0,"j":2,"tr":0,"lh":140.639996337891,"ls":-23,"fc":[1,1,1,1]},"t":76},{"s":{"s":117.199996948242,"f":"Lato-Black","t":"77%","ca":0,"j":2,"tr":0,"lh":140.639996337891,"ls":-23,"fc":[1,1,1,1]},"t":77},{"s":{"s":117.199996948242,"f":"Lato-Black","t":"78%","ca":0,"j":2,"tr":0,"lh":140.639996337891,"ls":-23,"fc":[1,1,1,1]},"t":78},{"s":{"s":117.199996948242,"f":"Lato-Black","t":"79%","ca":0,"j":2,"tr":0,"lh":140.639996337891,"ls":-23,"fc":[1,1,1,1]},"t":79},{"s":{"s":117.199996948242,"f":"Lato-Black","t":"80%","ca":0,"j":2,"tr":0,"lh":140.639996337891,"ls":-23,"fc":[1,1,1,1]},"t":80},{"s":{"s":117.199996948242,"f":"Lato-Black","t":"81%","ca":0,"j":2,"tr":0,"lh":140.639996337891,"ls":-23,"fc":[1,1,1,1]},"t":81},{"s":{"s":117.199996948242,"f":"Lato-Black","t":"82%","ca":0,"j":2,"tr":0,"lh":140.639996337891,"ls":-23,"fc":[1,1,1,1]},"t":82},{"s":{"s":117.199996948242,"f":"Lato-Black","t":"83%","ca":0,"j":2,"tr":0,"lh":140.639996337891,"ls":-23,"fc":[1,1,1,1]},"t":83},{"s":{"s":117.199996948242,"f":"Lato-Black","t":"84%","ca":0,"j":2,"tr":0,"lh":140.639996337891,"ls":-23,"fc":[1,1,1,1]},"t":84},{"s":{"s":117.199996948242,"f":"Lato-Black","t":"85%","ca":0,"j":2,"tr":0,"lh":140.639996337891,"ls":-23,"fc":[1,1,1,1]},"t":85},{"s":{"s":117.199996948242,"f":"Lato-Black","t":"86%","ca":0,"j":2,"tr":0,"lh":140.639996337891,"ls":-23,"fc":[1,1,1,1]},"t":86},{"s":{"s":117.199996948242,"f":"Lato-Black","t":"87%","ca":0,"j":2,"tr":0,"lh":140.639996337891,"ls":-23,"fc":[1,1,1,1]},"t":87},{"s":{"s":117.199996948242,"f":"Lato-Black","t":"88%","ca":0,"j":2,"tr":0,"lh":140.639996337891,"ls":-23,"fc":[1,1,1,1]},"t":88},{"s":{"s":117.199996948242,"f":"Lato-Black","t":"89%","ca":0,"j":2,"tr":0,"lh":140.639996337891,"ls":-23,"fc":[1,1,1,1]},"t":89},{"s":{"s":117.199996948242,"f":"Lato-Black","t":"90%","ca":0,"j":2,"tr":0,"lh":140.639996337891,"ls":-23,"fc":[1,1,1,1]},"t":90},{"s":{"s":117.199996948242,"f":"Lato-Black","t":"91%","ca":0,"j":2,"tr":0,"lh":140.639996337891,"ls":-23,"fc":[1,1,1,1]},"t":91},{"s":{"s":117.199996948242,"f":"Lato-Black","t":"92%","ca":0,"j":2,"tr":0,"lh":140.639996337891,"ls":-23,"fc":[1,1,1,1]},"t":92},{"s":{"s":117.199996948242,"f":"Lato-Black","t":"93%","ca":0,"j":2,"tr":0,"lh":140.639996337891,"ls":-23,"fc":[1,1,1,1]},"t":93},{"s":{"s":117.199996948242,"f":"Lato-Black","t":"94%","ca":0,"j":2,"tr":0,"lh":140.639996337891,"ls":-23,"fc":[1,1,1,1]},"t":94},{"s":{"s":117.199996948242,"f":"Lato-Black","t":"95%","ca":0,"j":2,"tr":0,"lh":140.639996337891,"ls":-23,"fc":[1,1,1,1]},"t":95},{"s":{"s":117.199996948242,"f":"Lato-Black","t":"96%","ca":0,"j":2,"tr":0,"lh":140.639996337891,"ls":-23,"fc":[1,1,1,1]},"t":96},{"s":{"s":117.199996948242,"f":"Lato-Black","t":"97%","ca":0,"j":2,"tr":0,"lh":140.639996337891,"ls":-23,"fc":[1,1,1,1]},"t":97},{"s":{"s":117.199996948242,"f":"Lato-Black","t":"98%","ca":0,"j":2,"tr":0,"lh":140.639996337891,"ls":-23,"fc":[1,1,1,1]},"t":98},{"s":{"s":117.199996948242,"f":"Lato-Black","t":"99%","ca":0,"j":2,"tr":0,"lh":140.639996337891,"ls":-23,"fc":[1,1,1,1]},"t":99},{"s":{"s":117.199996948242,"f":"Lato-Black","t":"100%","ca":0,"j":2,"tr":0,"lh":140.639996337891,"ls":-23,"fc":[1,1,1,1]},"t":100}]},"p":{},"m":{"g":1,"a":{"a":0,"k":[0,0],"ix":2}},"a":[]},"ip":0,"op":151,"st":0,"bm":0}],"markers":[],"chars":[{"ch":"0","size":117.199996948242,"style":"Black","w":58,"data":{"shapes":[{"ty":"gr","it":[{"ind":0,"ty":"sh","ix":1,"ks":{"a":0,"k":{"i":[[1.366,4.667],[2.416,3.067],[3.316,1.484],[3.866,0],[3.283,-1.483],[2.4,-3.066],[1.35,-4.666],[0,-6.366],[-1.35,-4.666],[-2.4,-3.066],[-3.284,-1.5],[-3.867,0],[-3.317,1.5],[-2.417,3.067],[-1.367,4.667],[0,6.367]],"o":[[-1.367,-4.666],[-2.417,-3.066],[-3.317,-1.483],[-3.867,0],[-3.284,1.484],[-2.4,3.067],[-1.35,4.667],[0,6.367],[1.35,4.667],[2.4,3.067],[3.283,1.5],[3.866,0],[3.316,-1.5],[2.416,-3.066],[1.366,-4.666],[0,-6.366]],"v":[[53.95,-53],[48.275,-64.6],[39.675,-71.425],[28.9,-73.65],[18.175,-71.425],[9.65,-64.6],[4.025,-53],[2,-36.45],[4.025,-19.9],[9.65,-8.3],[18.175,-1.45],[28.9,0.8],[39.675,-1.45],[48.275,-8.3],[53.95,-19.9],[56,-36.45]],"c":true},"ix":2},"nm":"0","mn":"ADBE Vector Shape - Group","hd":false},{"ind":1,"ty":"sh","ix":2,"ks":{"a":0,"k":{"i":[[0.633,-3.2],[1.05,-1.85],[1.333,-0.683],[1.366,0],[1.316,0.684],[1.016,1.85],[0.616,3.2],[0,5.067],[-0.617,3.217],[-1.017,1.834],[-1.317,0.684],[-1.367,0],[-1.334,-0.683],[-1.05,-1.833],[-0.634,-3.216],[0,-5.033]],"o":[[-0.634,3.2],[-1.05,1.85],[-1.334,0.684],[-1.367,0],[-1.317,-0.683],[-1.017,-1.85],[-0.617,-3.2],[0,-5.033],[0.616,-3.216],[1.016,-1.833],[1.316,-0.683],[1.366,0],[1.333,0.684],[1.05,1.834],[0.633,3.217],[0,5.067]],"v":[[39.05,-24.05],[36.525,-16.475],[32.95,-12.675],[28.9,-11.65],[24.875,-12.675],[21.375,-16.475],[18.925,-24.05],[18,-36.45],[18.925,-48.825],[21.375,-56.4],[24.875,-60.175],[28.9,-61.2],[32.95,-60.175],[36.525,-56.4],[39.05,-48.825],[40,-36.45]],"c":true},"ix":2},"nm":"0","mn":"ADBE Vector Shape - Group","hd":false}],"nm":"0","np":5,"cix":2,"bm":0,"ix":1,"mn":"ADBE Vector Group","hd":false}]},"fFamily":"Lato"},{"ch":"%","size":117.199996948242,"style":"Black","w":81.8,"data":{"shapes":[{"ty":"gr","it":[{"ind":0,"ty":"sh","ix":1,"ks":{"a":0,"k":{"i":[[0.866,2.25],[1.55,1.6],[2.15,0.884],[2.533,0],[2.116,-0.883],[1.55,-1.6],[0.866,-2.25],[0,-2.766],[-0.867,-2.2],[-1.55,-1.583],[-2.117,-0.866],[-2.534,0],[-2.117,0.867],[-1.6,1.584],[-0.967,2.2],[0,2.667]],"o":[[-0.867,-2.25],[-1.55,-1.6],[-2.15,-0.883],[-2.534,0],[-2.117,0.884],[-1.55,1.6],[-0.867,2.25],[0,2.667],[0.866,2.2],[1.55,1.584],[2.116,0.867],[2.3,0],[2.116,-0.866],[1.6,-1.583],[0.966,-2.2],[0,-2.766]],"v":[[36.1,-62.725],[32.475,-68.5],[26.925,-72.225],[19.9,-73.55],[12.925,-72.225],[7.425,-68.5],[3.8,-62.725],[2.5,-55.2],[3.8,-47.9],[7.425,-42.225],[12.925,-38.55],[19.9,-37.25],[26.525,-38.55],[32.1,-42.225],[35.95,-47.9],[37.4,-55.2]],"c":true},"ix":2},"nm":"%","mn":"ADBE Vector Shape - Group","hd":false},{"ind":1,"ty":"sh","ix":2,"ks":{"a":0,"k":{"i":[[0.283,-1.066],[0.5,-0.633],[0.683,-0.266],[0.8,0],[0.666,0.267],[0.466,0.634],[0.266,1.067],[0,1.6],[-0.267,1.117],[-0.467,0.667],[-0.667,0.267],[-0.8,0],[-0.684,-0.266],[-0.5,-0.666],[-0.284,-1.116],[0,-1.7]],"o":[[-0.284,1.067],[-0.5,0.634],[-0.684,0.267],[-0.8,0],[-0.667,-0.266],[-0.467,-0.633],[-0.267,-1.066],[0,-1.7],[0.266,-1.116],[0.466,-0.666],[0.666,-0.266],[0.8,0],[0.683,0.267],[0.5,0.667],[0.283,1.117],[0,1.6]],"v":[[25.075,-51.2],[23.9,-48.65],[22.125,-47.3],[19.9,-46.9],[17.7,-47.3],[16,-48.65],[14.9,-51.2],[14.5,-55.2],[14.9,-59.425],[16,-62.1],[17.7,-63.5],[19.9,-63.9],[22.125,-63.5],[23.9,-62.1],[25.075,-59.425],[25.5,-55.2]],"c":true},"ix":2},"nm":"%","mn":"ADBE Vector Shape - Group","hd":false},{"ind":2,"ty":"sh","ix":3,"ks":{"a":0,"k":{"i":[[0,0],[0,0],[-0.75,0.417],[-0.5,0.634],[0,0],[0,0],[0.733,-0.483],[0.5,-0.566]],"o":[[0,0],[1.066,0],[0.75,-0.416],[0,0],[0,0],[-1.3,0],[-0.734,0.484],[0,0]],"v":[[5.4,0],[17,0],[19.725,-0.625],[21.6,-2.2],[76.5,-72.85],[65.2,-72.85],[62.15,-72.125],[60.3,-70.55]],"c":true},"ix":2},"nm":"%","mn":"ADBE Vector Shape - Group","hd":false},{"ind":3,"ty":"sh","ix":4,"ks":{"a":0,"k":{"i":[[0.866,2.25],[1.55,1.6],[2.15,0.884],[2.533,0],[2.116,-0.883],[1.55,-1.6],[0.866,-2.25],[0,-2.766],[-0.867,-2.216],[-1.55,-1.583],[-2.117,-0.866],[-2.534,0],[-2.117,0.866],[-1.6,1.584],[-0.967,2.217],[0,2.667]],"o":[[-0.867,-2.25],[-1.55,-1.6],[-2.15,-0.883],[-2.534,0],[-2.117,0.884],[-1.55,1.6],[-0.867,2.25],[0,2.667],[0.866,2.217],[1.55,1.584],[2.116,0.866],[2.3,0],[2.116,-0.866],[1.6,-1.583],[0.966,-2.216],[0,-2.766]],"v":[[78,-24.625],[74.375,-30.4],[68.825,-34.125],[61.8,-35.45],[54.825,-34.125],[49.325,-30.4],[45.7,-24.625],[44.4,-17.1],[45.7,-9.775],[49.325,-4.075],[54.825,-0.4],[61.8,0.9],[68.425,-0.4],[74,-4.075],[77.85,-9.775],[79.3,-17.1]],"c":true},"ix":2},"nm":"%","mn":"ADBE Vector Shape - Group","hd":false},{"ind":4,"ty":"sh","ix":5,"ks":{"a":0,"k":{"i":[[0.283,-1.066],[0.5,-0.633],[0.683,-0.266],[0.8,0],[0.666,0.267],[0.466,0.634],[0.266,1.067],[0,1.6],[-0.267,1.117],[-0.467,0.667],[-0.667,0.267],[-0.8,0],[-0.684,-0.266],[-0.5,-0.666],[-0.284,-1.116],[0,-1.666]],"o":[[-0.284,1.067],[-0.5,0.634],[-0.684,0.267],[-0.8,0],[-0.667,-0.266],[-0.467,-0.633],[-0.267,-1.066],[0,-1.666],[0.266,-1.116],[0.466,-0.666],[0.666,-0.266],[0.8,0],[0.683,0.267],[0.5,0.667],[0.283,1.117],[0,1.6]],"v":[[66.975,-13.1],[65.8,-10.55],[64.025,-9.2],[61.8,-8.8],[59.6,-9.2],[57.9,-10.55],[56.8,-13.1],[56.4,-17.1],[56.8,-21.275],[57.9,-23.95],[59.6,-25.35],[61.8,-25.75],[64.025,-25.35],[65.8,-23.95],[66.975,-21.275],[67.4,-17.1]],"c":true},"ix":2},"nm":"%","mn":"ADBE Vector Shape - Group","hd":false}],"nm":"%","np":8,"cix":2,"bm":0,"ix":1,"mn":"ADBE Vector Group","hd":false}]},"fFamily":"Lato"},{"ch":"1","size":117.199996948242,"style":"Black","w":58,"data":{"shapes":[{"ty":"gr","it":[{"ind":0,"ty":"sh","ix":1,"ks":{"a":0,"k":{"i":[[0,0],[0,0],[0,0],[0,0],[0,0],[0,0],[0,0],[0,0],[-0.684,-0.383],[-0.867,0],[-0.534,0.184],[-0.534,0.434],[0,0],[0,-1.8],[0,0],[0,0]],"o":[[0,0],[0,0],[0,0],[0,0],[0,0],[0,0],[0,0],[0.333,0.434],[0.683,0.384],[0.5,0],[0.533,-0.183],[0,0],[-0.1,1.967],[0,0],[0,0],[0,0]],"v":[[12.6,0],[54.1,0],[54.1,-11.2],[42.1,-11.2],[42.1,-72.9],[29.3,-72.9],[6.6,-53.85],[11.5,-47.35],[13.025,-46.125],[15.35,-45.55],[16.9,-45.825],[18.5,-46.75],[26.75,-53.6],[26.6,-47.95],[26.6,-11.2],[12.6,-11.2]],"c":true},"ix":2},"nm":"1","mn":"ADBE Vector Shape - Group","hd":false}],"nm":"1","np":3,"cix":2,"bm":0,"ix":1,"mn":"ADBE Vector Group","hd":false}]},"fFamily":"Lato"},{"ch":"2","size":117.199996948242,"style":"Black","w":58,"data":{"shapes":[{"ty":"gr","it":[{"ind":0,"ty":"sh","ix":1,"ks":{"a":0,"k":{"i":[[2.9,-0.883],[2.25,-1.8],[1.516,-2.7],[0.533,-3.633],[0,0],[-0.384,-0.033],[-0.334,0],[-0.817,0.667],[-0.534,1.5],[-0.55,0.767],[-0.767,0.567],[-0.967,0.334],[-1.167,0],[-1.384,-1.55],[0,-2.9],[0.433,-1.583],[0.866,-1.583],[1.333,-1.633],[1.8,-1.8],[0,0],[0.4,-1.1],[0,-0.966],[0,0],[0,0],[0,0],[0.966,0.917],[1.666,0],[0,0],[1.783,-0.316],[1.833,-0.533],[0,0],[-1.717,1.917],[-1.3,2.05],[-0.75,2.267],[0,2.667],[1.083,2.584],[2.033,1.867],[2.883,1.05],[3.6,0]],"o":[[-2.9,0.884],[-2.25,1.8],[-1.517,2.7],[0,0],[0.4,0.067],[0.383,0.034],[1.4,0],[0.816,-0.666],[0.333,-0.9],[0.55,-0.766],[0.766,-0.566],[0.966,-0.333],[2.833,0],[1.383,1.55],[0,1.767],[-0.434,1.584],[-0.867,1.584],[-1.334,1.634],[0,0],[-1,0.9],[-0.4,1.1],[0,0],[0,0],[0,0],[0,-1.5],[-0.967,-0.916],[0,0],[-1.567,0],[-1.784,0.317],[0,0],[1.933,-1.966],[1.716,-1.916],[1.3,-2.05],[0.75,-2.266],[0,-3.1],[-1.084,-2.583],[-2.034,-1.866],[-2.884,-1.05],[-3.334,0]],"v":[[20.75,-72.325],[13.025,-68.3],[7.375,-61.55],[4.3,-52.05],[12.5,-50.6],[13.675,-50.45],[14.75,-50.4],[18.075,-51.4],[20.1,-54.65],[21.425,-57.15],[23.4,-59.15],[26,-60.5],[29.2,-61],[35.525,-58.675],[37.6,-52],[36.95,-46.975],[35,-42.225],[31.7,-37.4],[27,-32.25],[6,-11.1],[3.9,-8.1],[3.3,-5],[3.3,0],[54.5,0],[54.5,-9],[53.05,-12.625],[49.1,-14],[35.5,-14],[30.475,-13.525],[25.05,-12.25],[39.3,-26.85],[44.775,-32.675],[49.3,-38.625],[52.375,-45.1],[53.5,-52.5],[51.875,-61.025],[47.2,-67.7],[39.825,-72.075],[30.1,-73.65]],"c":true},"ix":2},"nm":"2","mn":"ADBE Vector Shape - Group","hd":false}],"nm":"2","np":3,"cix":2,"bm":0,"ix":1,"mn":"ADBE Vector Group","hd":false}]},"fFamily":"Lato"},{"ch":"3","size":117.199996948242,"style":"Black","w":58,"data":{"shapes":[{"ty":"gr","it":[{"ind":0,"ty":"sh","ix":1,"ks":{"a":0,"k":{"i":[[2.9,-0.883],[2.25,-1.8],[1.516,-2.7],[0.533,-3.633],[0,0],[-0.384,-0.033],[-0.334,0],[-0.817,0.667],[-0.534,1.5],[-0.55,0.767],[-0.767,0.567],[-0.967,0.334],[-1.167,0],[-1.384,-1.55],[0,-2.866],[0.333,-1.166],[1.016,-0.816],[1.866,-0.466],[3.033,0],[0,0],[-2.017,-0.483],[-1,-0.9],[-0.217,-1.25],[0,-1.566],[0.433,-1.166],[0.85,-0.916],[1.283,-0.583],[1.733,0],[1.683,1.25],[1.5,2.767],[0.85,0.417],[1.066,0],[0.583,-0.1],[0.6,-0.266],[0,0],[-1.584,-2.466],[-2.1,-1.583],[-2.7,-0.75],[-3.467,0],[-3.1,0.95],[-2.35,1.9],[-1.4,2.867],[0,3.867],[8.066,2.8],[-1.35,0.9],[-0.917,1.284],[-0.467,1.75],[0,2.3],[1,2.284],[1.933,1.734],[2.8,1.017],[3.6,0]],"o":[[-2.9,0.884],[-2.25,1.8],[-1.517,2.7],[0,0],[0.4,0.067],[0.383,0.034],[1.4,0],[0.816,-0.666],[0.333,-0.9],[0.55,-0.766],[0.766,-0.566],[0.966,-0.333],[2.833,0],[1.383,1.55],[0,1.4],[-0.334,1.167],[-1.017,0.817],[-1.867,0.467],[0,0],[3.6,0],[2.016,0.484],[1,0.9],[0.216,1.25],[0,1.2],[-0.434,1.167],[-0.85,0.917],[-1.284,0.584],[-2.267,0],[-1.684,-1.25],[-0.434,-0.8],[-0.85,-0.416],[-0.567,0],[-0.584,0.1],[0,0],[1.166,3.4],[1.583,2.467],[2.1,1.584],[2.7,0.75],[3.366,0],[3.1,-0.95],[2.35,-1.9],[1.4,-2.866],[0,-8.166],[1.733,-0.6],[1.35,-0.9],[0.916,-1.283],[0.466,-1.75],[0,-2.533],[-1,-2.283],[-1.934,-1.733],[-2.8,-1.016],[-3.334,0]],"v":[[22.15,-72.325],[14.425,-68.3],[8.775,-61.55],[5.7,-52.05],[13.9,-50.6],[15.075,-50.45],[16.15,-50.4],[19.475,-51.4],[21.5,-54.65],[22.825,-57.15],[24.8,-59.15],[27.4,-60.5],[30.6,-61],[36.925,-58.675],[39,-52.05],[38.5,-48.2],[36.475,-45.225],[32.15,-43.3],[24.8,-42.6],[24.8,-31.9],[33.225,-31.175],[37.75,-29.1],[39.575,-25.875],[39.9,-21.65],[39.25,-18.1],[37.325,-14.975],[34.125,-12.725],[29.6,-11.85],[23.675,-13.725],[18.9,-19.75],[16.975,-21.575],[14.1,-22.2],[12.375,-22.05],[10.6,-21.5],[3.7,-18.7],[7.825,-9.9],[13.35,-3.825],[20.55,-0.325],[29.8,0.8],[39.5,-0.625],[47.675,-4.9],[53.3,-12.05],[55.4,-22.15],[43.3,-38.6],[47.925,-40.85],[51.325,-44.125],[53.4,-48.675],[54.1,-54.75],[52.6,-61.975],[48.2,-68],[41.1,-72.125],[31.5,-73.65]],"c":true},"ix":2},"nm":"3","mn":"ADBE Vector Shape - Group","hd":false}],"nm":"3","np":3,"cix":2,"bm":0,"ix":1,"mn":"ADBE Vector Group","hd":false}]},"fFamily":"Lato"},{"ch":"4","size":117.199996948242,"style":"Black","w":58,"data":{"shapes":[{"ty":"gr","it":[{"ind":0,"ty":"sh","ix":1,"ks":{"a":0,"k":{"i":[[0,0],[0,0],[0,0],[0,0],[-0.784,-0.6],[-0.967,0],[0,0],[0,0],[0,0],[0,0],[0,0],[-0.517,0.567],[0,0.767],[0,0],[0,0]],"o":[[0,0],[0,0],[0,0],[0.2,0.9],[0.783,0.6],[0,0],[0,0],[0,0],[0,0],[0,0],[0.966,0],[0.516,-0.566],[0,0],[0,0],[0,0]],"v":[[48.8,-72.85],[34,-72.85],[0.3,-27.55],[1.9,-19.9],[3.375,-17.65],[6,-16.75],[35.3,-16.75],[35.3,0],[48.8,0],[48.8,-16.75],[53.3,-16.75],[55.525,-17.6],[56.3,-19.6],[56.3,-28.3],[48.8,-28.3]],"c":true},"ix":2},"nm":"4","mn":"ADBE Vector Shape - Group","hd":false},{"ind":1,"ty":"sh","ix":2,"ks":{"a":0,"k":{"i":[[0,0],[0,0],[0,0],[0.083,-1.35],[0,-1.166]],"o":[[0,0],[0,0],[-0.167,1.434],[-0.084,1.35],[0,0]],"v":[[35.3,-28.3],[16.55,-28.3],[35.8,-55.25],[35.425,-51.075],[35.3,-47.3]],"c":true},"ix":2},"nm":"4","mn":"ADBE Vector Shape - Group","hd":false}],"nm":"4","np":5,"cix":2,"bm":0,"ix":1,"mn":"ADBE Vector Group","hd":false}]},"fFamily":"Lato"},{"ch":"5","size":117.199996948242,"style":"Black","w":58,"data":{"shapes":[{"ty":"gr","it":[{"ind":0,"ty":"sh","ix":1,"ks":{"a":0,"k":{"i":[[0,0],[0,0],[0,0],[0,0],[-3.267,0],[-2,-1.85],[0,-3.533],[0.416,-1.583],[0.916,-1.183],[1.466,-0.683],[2.066,0],[1.4,0.534],[1.05,0.65],[0.883,0.55],[1,0],[0.666,-0.35],[0.5,-0.666],[0,0],[-1.6,-1.116],[-1.884,-0.85],[-2.15,-0.5],[-2.367,0],[-3.417,1.283],[-2.467,2.334],[-1.384,3.217],[0,3.9],[1.016,2.717],[2,2.017],[2.933,1.167],[3.833,0],[1.266,-0.116],[1.366,-0.233],[0,0],[0,0],[-1.167,0.35],[-0.717,0.65],[-0.334,0.867],[0,1.067]],"o":[[0,0],[0,0],[0,0],[3.133,-1.233],[3.666,0],[2,1.85],[0,1.8],[-0.417,1.584],[-0.917,1.184],[-1.467,0.684],[-2.067,0],[-1.4,-0.533],[-1.05,-0.65],[-0.884,-0.55],[-0.767,0],[-0.667,0.35],[0,0],[1.3,1.267],[1.6,1.117],[1.883,0.85],[2.15,0.5],[4.066,0],[3.416,-1.283],[2.466,-2.333],[1.383,-3.216],[0,-3.1],[-1.017,-2.716],[-2,-2.016],[-2.934,-1.166],[-1.2,0],[-1.267,0.117],[0,0],[0,0],[1.633,0],[1.166,-0.35],[0.716,-0.65],[0.333,-0.866],[0,0]],"v":[[49.9,-72.85],[12.6,-72.85],[6.4,-36.4],[16,-33.8],[25.6,-35.65],[34.1,-32.875],[37.1,-24.8],[36.475,-19.725],[34.475,-15.575],[30.9,-12.775],[25.6,-11.75],[20.4,-12.55],[16.725,-14.325],[13.825,-16.125],[11,-16.95],[8.85,-16.425],[7.1,-14.9],[2.3,-8.5],[6.65,-4.925],[11.875,-1.975],[17.925,0.05],[24.7,0.8],[35.925,-1.125],[44.75,-6.55],[50.525,-14.875],[52.6,-25.55],[51.075,-34.275],[46.55,-41.375],[39.15,-46.15],[29,-47.9],[25.3,-47.725],[21.35,-47.2],[23.4,-59.25],[40.8,-59.25],[45,-59.775],[47.825,-61.275],[49.4,-63.55],[49.9,-66.45]],"c":true},"ix":2},"nm":"5","mn":"ADBE Vector Shape - Group","hd":false}],"nm":"5","np":3,"cix":2,"bm":0,"ix":1,"mn":"ADBE Vector Group","hd":false}]},"fFamily":"Lato"},{"ch":"6","size":117.199996948242,"style":"Black","w":58,"data":{"shapes":[{"ty":"gr","it":[{"ind":0,"ty":"sh","ix":1,"ks":{"a":0,"k":{"i":[[1.283,-0.233],[1.166,-0.433],[-0.317,0.384],[-0.334,0.367],[0,0],[0,0],[1.466,-0.683],[0.733,-1],[0,0],[1.4,-3.6],[0,-3.633],[-1.184,-3.2],[-2.25,-2.3],[-3.234,-1.283],[-4.067,0],[-3.267,1.333],[-2.317,2.284],[-1.267,3.05],[0,3.4],[1.25,2.75],[2.033,1.8],[2.566,0.867],[2.633,0]],"o":[[-1.284,0.234],[0.3,-0.366],[0.316,-0.383],[0,0],[0,0],[-1.867,0],[-1.467,0.684],[0,0],[-2.734,3.734],[-1.4,3.6],[0,3.834],[1.183,3.2],[2.25,2.3],[3.233,1.283],[3.966,0],[3.266,-1.333],[2.316,-2.283],[1.266,-3.05],[0,-3.733],[-1.25,-2.75],[-2.034,-1.8],[-2.567,-0.866],[-1.467,0]],"v":[[30.275,-45.8],[26.6,-44.8],[27.525,-45.925],[28.5,-47.05],[50.1,-72.85],[36.3,-72.85],[31.3,-71.825],[28,-69.3],[11.6,-47.15],[5.4,-36.15],[3.3,-25.3],[5.075,-14.75],[10.225,-6.5],[18.45,-1.125],[29.4,0.8],[40.25,-1.2],[48.625,-6.625],[54,-14.625],[55.9,-24.3],[54.025,-34.025],[49.1,-40.85],[42.2,-44.85],[34.4,-46.15]],"c":true},"ix":2},"nm":"6","mn":"ADBE Vector Shape - Group","hd":false},{"ind":1,"ty":"sh","ix":2,"ks":{"a":0,"k":{"i":[[-0.534,1.434],[-0.95,1.034],[-1.3,0.55],[-1.567,0],[-1.417,-0.533],[-1,-1],[-0.55,-1.466],[0,-1.866],[0.583,-1.416],[1,-1.05],[1.383,-0.6],[1.6,0],[1.366,0.55],[0.9,1.034],[0.433,1.434],[0,1.8]],"o":[[0.533,-1.433],[0.95,-1.033],[1.3,-0.55],[1.733,0],[1.416,0.534],[1,1],[0.55,1.467],[0,1.667],[-0.584,1.417],[-1,1.05],[-1.384,0.6],[-1.867,0],[-1.367,-0.55],[-0.9,-1.033],[-0.434,-1.433],[0,-1.8]],"v":[[19,-28.05],[21.225,-31.75],[24.6,-34.125],[28.9,-34.95],[33.625,-34.15],[37.25,-31.85],[39.575,-28.15],[40.4,-23.15],[39.525,-18.525],[37.15,-14.825],[33.575,-12.35],[29.1,-11.45],[24.25,-12.275],[20.85,-14.65],[18.85,-18.35],[18.2,-23.2]],"c":true},"ix":2},"nm":"6","mn":"ADBE Vector Shape - Group","hd":false}],"nm":"6","np":5,"cix":2,"bm":0,"ix":1,"mn":"ADBE Vector Group","hd":false}]},"fFamily":"Lato"},{"ch":"7","size":117.199996948242,"style":"Black","w":58,"data":{"shapes":[{"ty":"gr","it":[{"ind":0,"ty":"sh","ix":1,"ks":{"a":0,"k":{"i":[[0,0],[0,0],[-0.2,-0.416],[-0.317,-0.316],[-0.417,-0.183],[-0.467,0],[0,0],[0.816,-1.133],[0.7,-1.433],[0,0],[0,0],[-1.3,0.984],[-0.667,1.434],[0,0],[-0.4,1.134],[0,1.834],[0,0]],"o":[[0,0],[0,0.434],[0.2,0.417],[0.316,0.317],[0.416,0.184],[0,0],[-0.967,1.034],[-0.817,1.134],[0,0],[0,0],[2.133,0],[1.3,-0.983],[0,0],[0.366,-0.8],[0.4,-1.133],[0,0],[0,0]],"v":[[4.1,-72.85],[4.1,-62.65],[4.4,-61.375],[5.175,-60.275],[6.275,-59.525],[7.6,-59.25],[39.65,-59.25],[36.975,-56],[34.7,-52.15],[8.7,0],[20,0],[25.15,-1.475],[28.1,-5.1],[53.55,-59],[54.7,-61.9],[55.3,-66.35],[55.3,-72.85]],"c":true},"ix":2},"nm":"7","mn":"ADBE Vector Shape - Group","hd":false}],"nm":"7","np":3,"cix":2,"bm":0,"ix":1,"mn":"ADBE Vector Group","hd":false}]},"fFamily":"Lato"},{"ch":"8","size":117.199996948242,"style":"Black","w":58,"data":{"shapes":[{"ty":"gr","it":[{"ind":0,"ty":"sh","ix":1,"ks":{"a":0,"k":{"i":[[-3.2,1.033],[-2.284,1.884],[-1.25,2.667],[0,3.267],[0.466,1.75],[0.983,1.45],[1.55,1.134],[2.166,0.767],[-1.634,2.667],[0,3.734],[1.166,2.417],[2.1,1.767],[2.883,1.017],[3.433,0],[2.883,-1.016],[2.1,-1.766],[1.166,-2.416],[0,-2.833],[-1.617,-2.666],[-3.334,-1.5],[1.55,-1.133],[0.983,-1.45],[0.45,-1.75],[0,-1.966],[-1.25,-2.666],[-2.284,-1.883],[-3.2,-1.033],[-3.867,0]],"o":[[3.2,-1.033],[2.283,-1.883],[1.25,-2.666],[0,-1.966],[-0.467,-1.75],[-0.984,-1.45],[-1.55,-1.133],[3.3,-1.5],[1.633,-2.666],[0,-2.833],[-1.167,-2.416],[-2.1,-1.766],[-2.884,-1.016],[-3.434,0],[-2.884,1.017],[-2.1,1.767],[-1.167,2.417],[0,3.734],[1.616,2.667],[-2.2,0.767],[-1.55,1.134],[-0.984,1.45],[-0.45,1.75],[0,3.267],[1.25,2.667],[2.283,1.884],[3.2,1.033],[3.866,0]],"v":[[39.6,-0.75],[47.825,-5.125],[53.125,-11.95],[55,-20.85],[54.3,-26.425],[52.125,-31.225],[48.325,-35.1],[42.75,-37.95],[50.15,-44.2],[52.6,-53.8],[50.85,-61.675],[45.95,-67.95],[38.475,-72.125],[29,-73.65],[19.525,-72.125],[12.05,-67.95],[7.15,-61.675],[5.4,-53.8],[7.825,-44.2],[15.25,-37.95],[9.625,-35.1],[5.825,-31.225],[3.675,-26.425],[3,-20.85],[4.875,-11.95],[10.175,-5.125],[18.4,-0.75],[29,0.8]],"c":true},"ix":2},"nm":"8","mn":"ADBE Vector Shape - Group","hd":false},{"ind":1,"ty":"sh","ix":2,"ks":{"a":0,"k":{"i":[[1.25,0.534],[0.816,0.917],[0.383,1.25],[0,1.434],[-0.334,1.3],[-0.767,0.917],[-1.284,0.517],[-1.9,0],[-1.284,-0.516],[-0.767,-0.916],[-0.334,-1.3],[0,-1.566],[0.383,-1.25],[0.816,-0.916],[1.266,-0.533],[1.733,0]],"o":[[-1.25,-0.533],[-0.817,-0.916],[-0.384,-1.25],[0,-1.566],[0.333,-1.3],[0.766,-0.916],[1.283,-0.516],[1.9,0],[1.283,0.517],[0.766,0.917],[0.333,1.3],[0,1.434],[-0.384,1.25],[-0.817,0.917],[-1.267,0.534],[-1.767,0]],"v":[[24.475,-11.7],[21.375,-13.875],[19.575,-17.125],[19,-21.15],[19.5,-25.45],[21.15,-28.775],[24.225,-30.925],[29,-31.7],[33.775,-30.925],[36.85,-28.775],[38.5,-25.45],[39,-21.15],[38.425,-17.125],[36.625,-13.875],[33.5,-11.7],[29,-10.9]],"c":true},"ix":2},"nm":"8","mn":"ADBE Vector Shape - Group","hd":false},{"ind":2,"ty":"sh","ix":3,"ks":{"a":0,"k":{"i":[[1.1,0.567],[0.633,0.934],[0.233,1.2],[0,1.267],[-0.3,1.067],[-0.684,0.817],[-1.067,0.5],[-1.567,0],[-1.084,-0.5],[-0.684,-0.816],[-0.3,-1.066],[0,-1.133],[0.233,-1.2],[0.633,-0.933],[1.1,-0.566],[1.733,0]],"o":[[-1.1,-0.566],[-0.634,-0.933],[-0.234,-1.2],[0,-1.133],[0.3,-1.066],[0.683,-0.816],[1.066,-0.5],[1.533,0],[1.083,0.5],[0.683,0.817],[0.3,1.067],[0,1.267],[-0.234,1.2],[-0.634,0.934],[-1.1,0.567],[-1.734,0]],"v":[[24.75,-44.35],[22.15,-46.6],[20.85,-49.8],[20.5,-53.5],[20.95,-56.8],[22.425,-59.625],[25.05,-61.6],[29,-62.35],[32.925,-61.6],[35.575,-59.625],[37.05,-56.8],[37.5,-53.5],[37.15,-49.8],[35.85,-46.6],[33.25,-44.35],[29,-43.5]],"c":true},"ix":2},"nm":"8","mn":"ADBE Vector Shape - Group","hd":false}],"nm":"8","np":6,"cix":2,"bm":0,"ix":1,"mn":"ADBE Vector Group","hd":false}]},"fFamily":"Lato"},{"ch":"9","size":117.199996948242,"style":"Black","w":58,"data":{"shapes":[{"ty":"gr","it":[{"ind":0,"ty":"sh","ix":1,"ks":{"a":0,"k":{"i":[[-1.767,0.4],[-1.5,0.8],[0.416,-0.516],[0.466,-0.566],[0,0],[0,0],[-1.434,0.667],[-0.667,0.967],[0,0],[-0.967,1.75],[-0.684,1.917],[-0.384,2.1],[0,2.4],[1.15,2.984],[2.15,2.167],[3.1,1.2],[3.933,0],[3.133,-1.283],[2.25,-2.2],[1.216,-2.933],[0,-3.3],[-1.2,-2.633],[-1.917,-1.733],[-2.367,-0.85],[-2.367,0]],"o":[[1.766,-0.4],[-0.4,0.534],[-0.417,0.517],[0,0],[0,0],[1.8,0],[1.433,-0.666],[0,0],[1.2,-1.7],[0.966,-1.75],[0.683,-1.916],[0.383,-2.1],[0,-3.6],[-1.15,-2.983],[-2.15,-2.166],[-3.1,-1.2],[-3.867,0],[-3.134,1.284],[-2.25,2.2],[-1.217,2.934],[0,3.6],[1.2,2.634],[1.916,1.734],[2.366,0.85],[1.933,0]],"v":[[31.15,-29],[36.05,-30.8],[34.825,-29.225],[33.5,-27.6],[10.4,0],[24.7,0],[29.55,-1],[32.7,-3.45],[48.4,-25.75],[51.65,-30.925],[54.125,-36.425],[55.725,-42.45],[56.3,-49.2],[54.575,-59.075],[49.625,-66.8],[41.75,-71.85],[31.2,-73.65],[20.7,-71.725],[12.625,-66.5],[7.425,-58.8],[5.6,-49.45],[7.4,-40.1],[12.075,-33.55],[18.5,-29.675],[25.6,-28.4]],"c":true},"ix":2},"nm":"9","mn":"ADBE Vector Shape - Group","hd":false},{"ind":1,"ty":"sh","ix":2,"ks":{"a":0,"k":{"i":[[1.783,-1.983],[3.3,0],[0,7.267],[-0.45,1.317],[-0.85,0.967],[-1.217,0.55],[-1.567,0],[-1.3,-0.466],[-0.917,-0.9],[-0.517,-1.35],[0,-1.766]],"o":[[-1.784,1.984],[-6.734,0],[0,-1.533],[0.45,-1.316],[0.85,-0.966],[1.216,-0.55],[1.533,0],[1.3,0.467],[0.916,0.9],[0.516,1.35],[0,3.3]],"v":[[38.825,-42.675],[31.2,-39.7],[21.1,-50.6],[21.775,-54.875],[23.725,-58.3],[26.825,-60.575],[31,-61.4],[35.25,-60.7],[38.575,-58.65],[40.725,-55.275],[41.5,-50.6]],"c":true},"ix":2},"nm":"9","mn":"ADBE Vector Shape - Group","hd":false}],"nm":"9","np":5,"cix":2,"bm":0,"ix":1,"mn":"ADBE Vector Group","hd":false}]},"fFamily":"Lato"}]}